order_id,order_date,customer_id,customer_name,city,product_category,region,quantity,unit_price,discount,payment_method,delivery_days,customer_rating,revenue
10001,2024-01-01 00:00:00.000000,1102,Amit,Hyderabad,Beauty,North,2.0,3044.47,8.56,Credit Card,3.0,4.0,5567.726736
10002,2024-01-01 00:00:00.000000,1179,Vishal,Chennai,Electronics,North,7.0,1770.7,18.92,Net Banking,5.0,1.0,10049.78492
10003,2024-01-02 00:00:00.000000,1092,Sneha,Hyderabad,Clothing,East,4.0,4594.61,13.67,Credit Card,11.0,5.0,15866.107251999998
10004,2024-01-03 00:00:00.000000,1014,Karan,Hyderabad,Beauty,South,1.0,2092.29,14.46,UPI,4.0,4.0,1789.7448659999998
10005,2024-01-03 00:00:00.000000,1106,Anjali,Jaipur,Home & Kitchen,West,4.0,802.08,22.73,Cash on Delivery,8.0,5.0,2479.068864
10006,2024-01-04 00:00:00.000000,1071,Amit,Ahmedabad,Books,South,5.0,3602.12,8.46,Debit Card,4.0,5.0,16486.90324
10007,2024-01-05 00:00:00.000000,1188,Amit,Pune,Beauty,North,5.0,1537.43,9.54,Credit Card,11.0,2.0,6953.795890000001
10008,2024-01-06 00:00:00.000000,1020,Priya,Ahmedabad,Electronics,South,4.0,2674.8,27.74,Credit Card,8.0,2.0,7731.24192
10009,2024-01-06 00:00:00.000000,1102,Amit,Bengaluru,Home & Kitchen,North,5.0,3519.38,1.69,Debit Card,6.0,4.0,17299.51239
10010,2024-01-07 00:00:00.000000,1121,Rahul,Gurugram,Clothing,South,2.0,4511.29,14.57,Net Banking,11.0,2.0,7707.990094000001
10011,2024-01-08 00:00:00.000000,1210,Amit,Ahmedabad,Beauty,East,6.0,3981.74,14.745000000000001,Cash on Delivery,5.0,3.0,20367.794622
10012,2024-01-09 00:00:00.000000,1214,Vishal,Mumbai,Home & Kitchen,Central,4.0,3414.17,18.31,Debit Card,4.0,4.0,11156.141892
10013,2024-01-09 00:00:00.000000,1074,Rohit,Jaipur,Sports,East,7.0,2473.755,16.39,Debit Card,4.0,5.0,14478.1458885
10014,2024-01-10 00:00:00.000000,1202,Anjali,Chennai,Home & Kitchen,East,2.0,4735.03,7.49,Debit Card,4.0,3.0,8760.752506
10015,2024-01-11 00:00:00.000000,1087,Amit,Gurugram,Home & Kitchen,Central,6.0,1549.54,10.3,UPI,11.0,3.0,8339.62428
10016,2024-01-11 00:00:00.000000,1116,Vishal,Bengaluru,Beauty,Central,7.0,105.45,14.745000000000001,Cash on Delivery,9.0,4.0,629.3097825
10017,2024-01-12 00:00:00.000000,1099,Vishal,Ahmedabad,Clothing,West,7.0,1432.58,16.78,Debit Card,4.0,1.0,8345.351532
10018,2024-01-13 00:00:00.000000,1103,Anjali,Bengaluru,Beauty,West,7.0,1167.67,15.44,Cash on Delivery,9.0,4.0,6911.672264000001
10019,2024-01-14 00:00:00.000000,1151,Rahul,Chennai,Beauty,East,6.0,3342.99,2.99,Debit Card,10.0,5.0,19458.207594
10020,2024-01-14 00:00:00.000000,1130,Vishal,Hyderabad,Electronics,East,2.0,3205.19,0.48,Net Banking,6.0,3.0,6379.610176
10021,2024-01-15 00:00:00.000000,1149,Rohit,Kolkata,Beauty,North,7.0,3007.96,28.91,Net Banking,10.0,4.0,14968.511348
10022,2024-01-16 00:00:00.000000,1052,Vishal,Chennai,Sports,North,7.0,179.59,11.31,Net Banking,7.0,3.0,1114.948597
10023,2024-01-17 00:00:00.000000,1001,Vishal,Pune,Sports,West,3.0,3671.01,18.1,Credit Card,10.0,3.0,9019.67157
10024,2024-01-17 00:00:00.000000,1087,Vishal,Chennai,Electronics,West,4.0,1685.3,2.39,Debit Card,3.0,5.0,6580.085319999999
10025,2024-01-18 00:00:00.000000,1235,Sneha,Bengaluru,Books,North,6.0,3358.77,14.745000000000001,Credit Card,8.0,5.0,17181.116181
10026,2024-01-19 00:00:00.000000,1157,Sneha,Mumbai,Clothing,North,6.0,2827.23,27.98,Cash on Delivery,3.0,4.0,12217.026276
10027,2024-01-19 00:00:00.000000,1037,Rahul,Jaipur,Clothing,South,5.0,1779.38,17.27,Credit Card,1.0,5.0,7360.405370000001
10028,2024-01-20 00:00:00.000000,1129,Amit,Mumbai,Beauty,South,4.0,759.42,3.78,Cash on Delivery,10.0,4.0,2922.8556959999996
10029,2024-01-21 00:00:00.000000,1191,Vishal,Bengaluru,Beauty,North,2.0,562.65,17.45,Cash on Delivery,5.0,3.0,928.93515
10030,2024-01-22 00:00:00.000000,1187,Karan,Jaipur,Books,South,6.0,4174.44,22.99,Cash on Delivery,2.0,3.0,19288.417464
10031,2024-01-22 00:00:00.000000,1020,Amit,Pune,Beauty,Central,3.0,4600.15,12.19,Credit Card,10.0,5.0,12118.175145
10032,2024-01-23 00:00:00.000000,1160,Rahul,Kolkata,Clothing,West,4.0,3283.96,26.4,Debit Card,6.0,2.0,9667.97824
10033,2024-01-24 00:00:00.000000,1203,Neha,Gurugram,Home & Kitchen,West,4.0,606.83,19.46,Credit Card,10.0,4.0,1954.9635280000002
10034,2024-01-25 00:00:00.000000,1057,Amit,Bengaluru,Sports,North,6.0,2069.93,26.98,Debit Card,9.0,4.0,9068.777315999998
10035,2024-01-25 00:00:00.000000,1021,Amit,Ahmedabad,Home & Kitchen,East,7.0,3671.8,18.71,Debit Card,1.0,4.0,20893.64354
10036,2024-01-26 00:00:00.000000,1235,Pooja,Bengaluru,Home & Kitchen,North,1.0,3921.12,3.94,Cash on Delivery,4.0,3.0,3766.627872
10037,2024-01-27 00:00:00.000000,1088,Priya,Bengaluru,Clothing,South,1.0,679.27,9.29,Credit Card,1.0,3.0,616.165817
10038,2024-01-28 00:00:00.000000,1048,Pooja,Jaipur,Home & Kitchen,East,7.0,100.15,6.05,Debit Card,6.0,2.0,658.636475
10039,2024-01-28 00:00:00.000000,1218,Amit,Delhi,Books,South,7.0,3589.47,27.26,Net Banking,8.0,4.0,18276.863346
10040,2024-01-29 00:00:00.000000,1058,Sneha,Chennai,Electronics,Central,7.0,1847.32,22.81,Debit Card,11.0,4.0,9981.624156
10041,2024-01-30 00:00:00.000000,1169,Sneha,Delhi,Beauty,South,2.0,1346.96,20.29,Net Banking,2.0,4.0,2147.323632
10042,2024-01-30 00:00:00.000000,1219,Priya,Pune,Electronics,Central,1.0,163.2,9.03,Credit Card,6.0,4.0,148.46303999999998
10043,2024-01-31 00:00:00.000000,1187,Anjali,Ahmedabad,Sports,Central,7.0,2747.47,14.745000000000001,Credit Card,11.0,2.0,16396.488839499998
10044,2024-02-01 00:00:00.000000,1207,Anjali,Kolkata,Beauty,South,2.0,4270.64,22.69,Credit Card,8.0,5.0,6603.263568
10045,2024-02-02 00:00:00.000000,1014,Rahul,Hyderabad,Home & Kitchen,South,5.0,4792.4,14.22,Debit Card,4.0,3.0,20554.6036
10046,2024-02-02 00:00:00.000000,1189,Priya,Pune,Sports,Central,2.0,2872.15,6.77,UPI,3.0,2.0,5355.41089
10047,2024-02-03 00:00:00.000000,1189,Amit,Hyderabad,Beauty,East,1.0,2620.86,18.5,Debit Card,4.0,3.0,2136.0009
10048,2024-02-04 00:00:00.000000,1174,Anjali,Hyderabad,Books,Central,6.0,516.78,1.21,Debit Card,11.0,5.0,3063.161772
10049,2024-02-05 00:00:00.000000,1189,Vishal,Kolkata,Books,West,5.0,2789.48,9.79,Cash on Delivery,5.0,5.0,12581.94954
10050,2024-02-05 00:00:00.000000,1050,Karan,Mumbai,Books,Central,1.0,1961.9,14.06,Cash on Delivery,1.0,3.0,1686.05686
10051,2024-02-06 00:00:00.000000,1107,Amit,Delhi,Books,East,2.0,3074.96,4.44,Debit Card,11.0,4.0,5876.863552
10052,2024-02-07 00:00:00.000000,1054,Rohit,Bengaluru,Home & Kitchen,West,3.0,2004.76,29.54,Net Banking,1.0,2.0,4237.661688
10053,2024-02-07 00:00:00.000000,1243,Vishal,Gurugram,Electronics,North,4.0,1277.47,6.27,Cash on Delivery,3.0,1.0,4789.490524
10054,2024-02-08 00:00:00.000000,1063,Vishal,Hyderabad,Beauty,North,1.0,565.33,3.91,Debit Card,6.0,4.0,543.225597
10055,2024-02-09 00:00:00.000000,1248,Priya,Ahmedabad,Home & Kitchen,East,7.0,1643.1,6.11,UPI,1.0,4.0,10798.946129999998
10056,2024-02-10 00:00:00.000000,1130,Rahul,Pune,Books,Central,2.0,573.56,23.07,Net Banking,11.0,4.0,882.4794159999999
10057,2024-02-10 00:00:00.000000,1228,Rohit,Mumbai,Electronics,South,7.0,966.8,12.77,Credit Card,6.0,3.0,5903.377479999999
10058,2024-02-11 00:00:00.000000,1050,Anjali,Hyderabad,Sports,East,7.0,4937.95,14.745000000000001,Debit Card,7.0,1.0,29468.9449075
10059,2024-02-12 00:00:00.000000,1134,Priya,Mumbai,Sports,West,7.0,2276.11,0.63,Debit Card,1.0,3.0,15832.393549
10060,2024-02-13 00:00:00.000000,1020,Anjali,Mumbai,Sports,West,7.0,2706.17,1.03,Net Banking,7.0,1.0,18748.075143000002
10061,2024-02-13 00:00:00.000000,1072,Priya,Hyderabad,Books,North,7.0,4380.73,14.745000000000001,Cash on Delivery,4.0,3.0,26143.5395305
10062,2024-02-14 00:00:00.000000,1166,Priya,Jaipur,Sports,West,5.0,4978.29,24.5,Cash on Delivery,10.0,3.0,18793.04475
10063,2024-02-15 00:00:00.000000,1017,Amit,Chennai,Clothing,East,1.0,2955.3,26.56,Cash on Delivery,6.0,3.0,2170.37232
10064,2024-02-16 00:00:00.000000,1131,Rahul,Ahmedabad,Beauty,West,1.0,4081.12,2.6,Credit Card,8.0,3.0,3975.01088
10065,2024-02-16 00:00:00.000000,1088,Priya,Bengaluru,Beauty,East,4.0,1702.01,16.15,Net Banking,9.0,4.0,5708.54154
10066,2024-02-17 00:00:00.000000,1059,Neha,Bengaluru,Books,South,2.0,1598.15,27.4,Net Banking,6.0,1.0,2320.5138
10067,2024-02-18 00:00:00.000000,1013,Karan,Ahmedabad,Beauty,North,3.0,2073.25,11.64,Cash on Delivery,11.0,2.0,5495.7711
10068,2024-02-18 00:00:00.000000,1241,Anjali,Jaipur,Home & Kitchen,West,5.0,3395.29,24.89,Cash on Delivery,9.0,4.0,12751.011595
10069,2024-02-19 00:00:00.000000,1249,Amit,Bengaluru,Home & Kitchen,East,2.0,3442.74,4.01,UPI,4.0,2.0,6609.372251999999
10070,2024-02-20 00:00:00.000000,1008,Pooja,Mumbai,Sports,Central,5.0,1644.67,28.06,UPI,6.0,4.0,5915.877990000001
10071,2024-02-21 00:00:00.000000,1089,Rohit,Kolkata,Electronics,North,1.0,752.73,22.54,Debit Card,8.0,1.0,583.064658
10072,2024-02-21 00:00:00.000000,1052,Sneha,Pune,Home & Kitchen,South,7.0,3198.74,28.24,Debit Card,9.0,3.0,16067.910768
10073,2024-02-22 00:00:00.000000,1129,Rahul,Delhi,Electronics,East,4.0,728.8,20.3,Net Banking,3.0,2.0,2323.4143999999997
10074,2024-02-23 00:00:00.000000,1083,Amit,Bengaluru,Beauty,South,4.0,2934.61,10.9,Net Banking,2.0,2.0,10458.95004
10075,2024-02-24 00:00:00.000000,1091,Amit,Ahmedabad,Beauty,South,6.0,3497.77,28.15,Credit Card,6.0,4.0,15078.88647
10076,2024-02-24 00:00:00.000000,1110,Amit,Kolkata,Beauty,West,3.0,3533.0,8.27,Credit Card,4.0,5.0,9722.4627
10077,2024-02-25 00:00:00.000000,1187,Sneha,Hyderabad,Clothing,West,4.0,3792.01,9.97,UPI,1.0,1.0,13655.786412000001
10078,2024-02-26 00:00:00.000000,1198,Pooja,Chennai,Clothing,East,7.0,4377.01,21.02,Debit Card,8.0,3.0,24198.737486
10079,2024-02-26 00:00:00.000000,1171,Amit,Ahmedabad,Books,Central,1.0,2549.8,22.96,UPI,6.0,4.0,1964.36592
10080,2024-02-27 00:00:00.000000,1007,Sneha,Mumbai,Books,East,3.0,3678.22,27.88,UPI,9.0,3.0,7958.196792000001
10081,2024-02-28 00:00:00.000000,1174,Amit,Chennai,Sports,Central,2.0,3133.95,6.14,Debit Card,2.0,5.0,5883.050939999999
10082,2024-02-29 00:00:00.000000,1034,Neha,Pune,Home & Kitchen,South,7.0,1014.54,23.94,Credit Card,9.0,2.0,5401.6138679999995
10083,2024-02-29 00:00:00.000000,1205,Pooja,Pune,Sports,North,7.0,225.88,22.16,Debit Card,7.0,5.0,1230.7749439999998
10084,2024-03-01 00:00:00.000000,1080,Vishal,Jaipur,Beauty,East,4.0,1494.25,1.91,Cash on Delivery,5.0,3.0,5862.8393
10085,2024-03-02 00:00:00.000000,1163,Priya,Gurugram,Sports,East,3.0,2270.87,11.62,Cash on Delivery,7.0,3.0,6020.984718
10086,2024-03-03 00:00:00.000000,1049,Anjali,Jaipur,Electronics,Central,1.0,3123.82,8.48,Cash on Delivery,9.0,5.0,2858.9200640000004
10087,2024-03-03 00:00:00.000000,1103,Vishal,Kolkata,Beauty,South,6.0,4264.8,9.13,Net Banking,8.0,4.0,23252.54256
10088,2024-03-04 00:00:00.000000,1131,Priya,Chennai,Books,South,5.0,1061.6,29.49,Credit Card,6.0,4.0,3742.6708000000003
10089,2024-03-05 00:00:00.000000,1001,Rahul,Gurugram,Clothing,Central,5.0,715.19,19.28,Credit Card,4.0,4.0,2886.5068400000005
10090,2024-03-06 00:00:00.000000,1133,Karan,Hyderabad,Books,South,1.0,4821.05,21.53,Net Banking,1.0,4.0,3783.077935
10091,2024-03-06 00:00:00.000000,1053,Rohit,Mumbai,Home & Kitchen,West,1.0,629.42,29.3,UPI,6.0,2.0,444.99994000000004
10092,2024-03-07 00:00:00.000000,1105,Rohit,Chennai,Beauty,North,5.0,2444.61,11.32,Cash on Delivery,3.0,3.0,10839.400740000001
10093,2024-03-08 00:00:00.000000,1003,Anjali,Jaipur,Beauty,East,6.0,2969.26,24.06,Cash on Delivery,6.0,2.0,13529.136264000002
10094,2024-03-08 00:00:00.000000,1053,Pooja,Delhi,Electronics,North,3.0,2752.73,14.745000000000001,UPI,6.0,5.0,7040.5198845
10095,2024-03-09 00:00:00.000000,1220,Neha,Gurugram,Home & Kitchen,East,5.0,521.56,26.09,Debit Card,4.0,5.0,1927.4249799999998
10096,2024-03-10 00:00:00.000000,1190,Pooja,Gurugram,Clothing,West,1.0,379.43,5.42,Debit Card,2.0,3.0,358.864894
10097,2024-03-11 00:00:00.000000,1145,Neha,Mumbai,Beauty,South,4.0,616.87,28.43,Credit Card,9.0,3.0,1765.975436
10098,2024-03-11 00:00:00.000000,1217,Pooja,Bengaluru,Beauty,Central,2.0,2969.38,6.56,Net Banking,2.0,1.0,5549.177344000001
10099,2024-03-12 00:00:00.000000,1043,Karan,Pune,Electronics,West,6.0,2767.29,9.79,Credit Card,3.0,1.0,14978.233853999998
10100,2024-03-13 00:00:00.000000,1161,Rahul,Pune,Sports,North,7.0,1245.33,22.69,Debit Card,10.0,3.0,6739.352360999999
10101,2024-03-14 00:00:00.000000,1201,Rahul,Delhi,Clothing,Central,4.0,3225.09,11.81,UPI,1.0,2.0,11376.827484000001
10102,2024-03-14 00:00:00.000000,1189,Priya,Kolkata,Books,South,4.0,4118.33,18.25,Credit Card,7.0,3.0,13466.9391
10103,2024-03-15 00:00:00.000000,1227,Sneha,Kolkata,Home & Kitchen,West,4.0,303.74,13.34,Cash on Delivery,1.0,5.0,1052.884336
10104,2024-03-16 00:00:00.000000,1013,Rahul,Hyderabad,Beauty,Central,7.0,2473.755,22.27,Cash on Delivery,11.0,5.0,13459.9483305
10105,2024-03-16 00:00:00.000000,1094,Rahul,Chennai,Beauty,West,1.0,3477.62,6.85,UPI,9.0,4.0,3239.40303
10106,2024-03-17 00:00:00.000000,1047,Vishal,Ahmedabad,Books,West,5.0,1336.33,1.75,Debit Card,11.0,4.0,6564.721125
10107,2024-03-18 00:00:00.000000,1014,Vishal,Bengaluru,Clothing,South,3.0,1608.08,9.0,Cash on Delivery,11.0,4.0,4390.0584
10108,2024-03-19 00:00:00.000000,1199,Priya,Jaipur,Sports,East,6.0,3106.83,14.23,Cash on Delivery,1.0,5.0,15988.368546
10109,2024-03-19 00:00:00.000000,1205,Sneha,Ahmedabad,Beauty,Central,7.0,4499.88,5.04,Net Banking,5.0,3.0,29911.602336
10110,2024-03-20 00:00:00.000000,1214,Anjali,Ahmedabad,Beauty,South,6.0,4068.63,10.64,Credit Card,7.0,4.0,21814.366607999997
10111,2024-03-21 00:00:00.000000,1248,Vishal,Gurugram,Books,West,4.0,2957.34,12.0,Debit Card,3.0,1.0,10409.836800000001
10112,2024-03-22 00:00:00.000000,1189,Anjali,Delhi,Electronics,South,5.0,3678.09,1.72,Credit Card,9.0,2.0,18074.134260000003
10113,2024-03-22 00:00:00.000000,1039,Amit,Pune,Sports,East,6.0,1887.63,17.5,Debit Card,8.0,4.0,9343.7685
10114,2024-03-23 00:00:00.000000,1212,Vishal,Hyderabad,Home & Kitchen,Central,3.0,3240.73,26.53,Cash on Delivery,3.0,5.0,7142.8929929999995
10115,2024-03-24 00:00:00.000000,1207,Karan,Kolkata,Beauty,East,4.0,2384.29,4.55,Net Banking,5.0,5.0,9103.21922
10116,2024-03-25 00:00:00.000000,1236,Sneha,Delhi,Clothing,North,3.0,1030.69,17.93,Credit Card,7.0,5.0,2537.661849
10117,2024-03-25 00:00:00.000000,1081,Priya,Gurugram,Electronics,Central,5.0,2473.755,19.94,Cash on Delivery,4.0,4.0,9902.441265000001
10118,2024-03-26 00:00:00.000000,1110,Amit,Jaipur,Home & Kitchen,East,6.0,2826.68,14.745000000000001,Debit Card,5.0,4.0,14459.316203999999
10119,2024-03-27 00:00:00.000000,1052,Sneha,Hyderabad,Clothing,West,2.0,1857.25,21.03,Credit Card,3.0,5.0,2933.3406499999996
10120,2024-03-27 00:00:00.000000,1023,Karan,Gurugram,Clothing,Central,4.0,4565.56,12.32,Credit Card,9.0,4.0,16012.332032000002
10121,2024-03-28 00:00:00.000000,1153,Sneha,Pune,Home & Kitchen,Central,5.0,202.58,15.14,Cash on Delivery,10.0,3.0,859.5469400000001
10122,2024-12-30 01:41:49.090909,1216,Amit,Pune,Electronics,South,6.0,1647.29,0.22,Credit Card,9.0,3.0,9861.995772
10123,2024-03-30 00:00:00.000000,1187,Karan,Pune,Books,West,7.0,378.72,20.75,Net Banking,7.0,5.0,2100.9492
10124,2024-03-30 00:00:00.000000,1123,Anjali,Delhi,Electronics,North,6.0,3855.98,19.84,Credit Card,10.0,3.0,18545.721408
10125,2024-03-31 00:00:00.000000,1236,Pooja,Pune,Sports,East,1.0,3540.33,1.15,Cash on Delivery,2.0,5.0,3499.6162050000003
10126,2024-04-01 00:00:00.000000,1040,Amit,Kolkata,Beauty,South,6.0,1723.63,11.05,Debit Card,7.0,2.0,9199.01331
10127,2024-04-02 00:00:00.000000,1156,Sneha,Kolkata,Home & Kitchen,East,6.0,3410.75,29.37,Cash on Delivery,7.0,4.0,14454.07635
10128,2024-04-02 00:00:00.000000,1014,Neha,Jaipur,Books,North,3.0,2040.09,12.62,Net Banking,11.0,4.0,5347.891925999999
10129,2024-04-03 00:00:00.000000,1044,Amit,Pune,Beauty,North,2.0,3805.64,15.06,UPI,5.0,4.0,6465.021231999999
10130,2024-04-04 00:00:00.000000,1064,Pooja,Mumbai,Home & Kitchen,Central,3.0,2325.5,27.3,UPI,9.0,3.0,5071.9155
10131,2024-04-04 00:00:00.000000,1088,Amit,Mumbai,Electronics,North,3.0,2120.17,21.52,Credit Card,11.0,5.0,4991.728247999999
10132,2024-04-05 00:00:00.000000,1070,Rahul,Gurugram,Beauty,East,4.0,4680.18,17.46,Credit Card,3.0,4.0,15452.082288000001
10133,2024-04-06 00:00:00.000000,1008,Neha,Pune,Sports,West,1.0,1329.31,23.93,UPI,4.0,3.0,1011.2061170000001
10134,2024-04-07 00:00:00.000000,1087,Pooja,Hyderabad,Clothing,West,3.0,690.19,25.93,Net Banking,1.0,4.0,1533.6711990000001
10135,2024-04-07 00:00:00.000000,1128,Anjali,Ahmedabad,Clothing,Central,7.0,2964.26,13.71,Credit Card,6.0,3.0,17905.019678
10136,2024-04-08 00:00:00.000000,1235,Sneha,Delhi,Home & Kitchen,East,5.0,4849.68,14.25,Cash on Delivery,4.0,3.0,20793.003
10137,2024-04-09 00:00:00.000000,1135,Rohit,Chennai,Beauty,East,7.0,1951.41,11.58,Cash on Delivery,1.0,3.0,12078.057054
10138,2024-04-10 00:00:00.000000,1215,Pooja,Bengaluru,Books,North,5.0,403.98,29.0,Net Banking,2.0,5.0,1434.129
10139,2024-04-10 00:00:00.000000,1062,Priya,Jaipur,Electronics,East,6.0,1762.6,20.91,Credit Card,3.0,4.0,8364.242039999997
10140,2024-04-11 00:00:00.000000,1138,Sneha,Pune,Beauty,South,4.0,2579.07,2.5,Credit Card,9.0,4.0,10058.373
10141,2024-04-12 00:00:00.000000,1242,Pooja,Pune,Beauty,North,1.0,893.42,25.89,Credit Card,8.0,3.0,662.113562
10142,2024-04-13 00:00:00.000000,1080,Rahul,Pune,Electronics,South,7.0,3324.7,14.42,Credit Card,7.0,3.0,19916.947819999998
10143,2024-04-13 00:00:00.000000,1135,Rohit,Delhi,Home & Kitchen,Central,1.0,4988.97,2.06,Cash on Delivery,11.0,5.0,4886.197218
10144,2024-04-14 00:00:00.000000,1162,Rahul,Delhi,Beauty,West,7.0,2313.52,14.745000000000001,UPI,4.0,4.0,13806.740332
10145,2024-04-15 00:00:00.000000,1162,Rohit,Bengaluru,Clothing,Central,6.0,1838.17,12.51,Cash on Delivery,1.0,3.0,9649.289598000001
10146,2024-04-15 00:00:00.000000,1032,Priya,Ahmedabad,Electronics,West,5.0,2063.45,26.33,Net Banking,6.0,2.0,7600.718075
10147,2024-04-16 00:00:00.000000,1122,Sneha,Hyderabad,Books,Central,2.0,664.22,6.12,Debit Card,4.0,2.0,1247.139472
10148,2024-04-17 00:00:00.000000,1004,Amit,Pune,Sports,East,4.0,4428.04,24.79,Cash on Delivery,3.0,5.0,13321.315536
10149,2024-04-18 00:00:00.000000,1233,Rahul,Mumbai,Home & Kitchen,South,7.0,2132.65,16.73,Credit Card,9.0,4.0,12431.003585
10150,2024-04-18 00:00:00.000000,1230,Rahul,Kolkata,Electronics,West,7.0,1997.64,1.64,Credit Card,10.0,2.0,13754.150928000001
10151,2024-04-19 00:00:00.000000,1249,Karan,Mumbai,Sports,North,6.0,2473.755,29.16,Cash on Delivery,4.0,3.0,10514.448252
10152,2024-04-20 00:00:00.000000,1040,Rohit,Gurugram,Sports,South,4.0,2265.96,15.38,Credit Card,4.0,5.0,7669.821408
10153,2024-04-21 00:00:00.000000,1027,Vishal,Mumbai,Books,North,5.0,3276.34,8.73,Cash on Delivery,9.0,3.0,14951.57759
10154,2024-04-21 00:00:00.000000,1134,Sneha,Gurugram,Beauty,South,5.0,401.09,14.08,Debit Card,11.0,4.0,1723.0826399999999
10155,2024-04-22 00:00:00.000000,1200,Rohit,Chennai,Books,South,7.0,4087.24,25.74,Debit Card,2.0,3.0,21246.290968
10156,2024-04-23 00:00:00.000000,1071,Karan,Kolkata,Beauty,Central,2.0,4708.47,9.15,Net Banking,5.0,3.0,8555.289990000001
10157,2024-04-23 00:00:00.000000,1011,Amit,Mumbai,Beauty,West,2.0,3278.95,5.78,Credit Card,4.0,5.0,6178.85338
10158,2024-12-30 01:41:49.090909,1161,Rohit,Chennai,Electronics,West,1.0,4777.37,3.87,Credit Card,9.0,3.0,4592.485781
10159,2024-04-25 00:00:00.000000,1032,Anjali,Jaipur,Electronics,South,4.0,842.02,8.94,Debit Card,5.0,4.0,3066.9736479999997
10160,2024-04-26 00:00:00.000000,1047,Sneha,Hyderabad,Home & Kitchen,East,4.0,2439.34,23.4,Credit Card,9.0,5.0,7474.1377600000005
10161,2024-04-26 00:00:00.000000,1246,Karan,Chennai,Beauty,East,5.0,3048.85,14.15,UPI,11.0,3.0,13087.188625
10162,2024-04-27 00:00:00.000000,1150,Amit,Hyderabad,Sports,North,1.0,2950.51,6.82,Debit Card,9.0,3.0,2749.285218
10163,2024-04-28 00:00:00.000000,1061,Neha,Mumbai,Clothing,North,6.0,2067.16,4.99,Credit Card,2.0,4.0,11784.052295999998
10164,2024-04-29 00:00:00.000000,1215,Karan,Ahmedabad,Home & Kitchen,Central,4.0,1756.61,9.98,UPI,9.0,3.0,6325.201287999999
10165,2024-04-29 00:00:00.000000,1036,Neha,Chennai,Electronics,South,1.0,721.44,14.745000000000001,Net Banking,3.0,3.0,615.0636720000001
10166,2024-04-30 00:00:00.000000,1098,Sneha,Kolkata,Books,North,1.0,2019.54,10.29,Credit Card,4.0,3.0,1811.7293339999999
10167,2024-05-01 00:00:00.000000,1171,Rahul,Mumbai,Home & Kitchen,North,7.0,897.04,29.64,UPI,1.0,4.0,4418.1014079999995
10168,2024-05-02 00:00:00.000000,1103,Karan,Pune,Home & Kitchen,South,5.0,3698.39,14.56,Cash on Delivery,6.0,4.0,15799.52208
10169,2024-05-02 00:00:00.000000,1213,Priya,Delhi,Home & Kitchen,Central,1.0,1123.27,5.37,Cash on Delivery,1.0,4.0,1062.950401
10170,2024-05-03 00:00:00.000000,1218,Neha,Chennai,Home & Kitchen,North,2.0,386.97,26.73,UPI,9.0,1.0,567.0658380000001
10171,2024-05-04 00:00:00.000000,1034,Anjali,Kolkata,Clothing,East,2.0,2806.59,13.81,Debit Card,11.0,4.0,4837.999842
10172,2024-05-04 00:00:00.000000,1192,Priya,Jaipur,Books,West,3.0,3016.63,21.29,Debit Card,8.0,5.0,7123.168419
10173,2024-05-05 00:00:00.000000,1226,Pooja,Pune,Books,Central,5.0,4372.37,29.51,Credit Card,5.0,4.0,15410.418064999998
10174,2024-05-06 00:00:00.000000,1100,Pooja,Jaipur,Books,East,7.0,2927.21,1.51,Cash on Delivery,5.0,4.0,20181.063903000002
10175,2024-05-07 00:00:00.000000,1174,Amit,Mumbai,Beauty,East,6.0,1792.86,2.9,Debit Card,9.0,4.0,10445.20236
10176,2024-05-07 00:00:00.000000,1205,Rahul,Delhi,Sports,Central,3.0,4034.76,21.61,Debit Card,3.0,5.0,9488.545092
10177,2024-05-08 00:00:00.000000,1130,Amit,Chennai,Books,East,2.0,2747.37,8.45,Cash on Delivery,3.0,5.0,5030.43447
10178,2024-05-09 00:00:00.000000,1000,Karan,Chennai,Home & Kitchen,West,7.0,488.47,5.53,Net Banking,7.0,3.0,3230.203263
10179,2024-05-10 00:00:00.000000,1004,Vishal,Ahmedabad,Home & Kitchen,South,3.0,2872.67,1.18,Debit Card,9.0,3.0,8516.317482
10180,2024-05-10 00:00:00.000000,1217,Anjali,Ahmedabad,Books,East,5.0,4549.29,0.66,UPI,6.0,3.0,22596.32343
10181,2024-05-11 00:00:00.000000,1246,Neha,Mumbai,Books,East,7.0,2041.93,23.23,Credit Card,2.0,3.0,10973.127627000002
10182,2024-05-12 00:00:00.000000,1141,Sneha,Mumbai,Home & Kitchen,Central,5.0,1552.0,14.745000000000001,Debit Card,1.0,2.0,6615.7880000000005
10183,2024-05-12 00:00:00.000000,1102,Priya,Delhi,Beauty,West,1.0,803.0,14.03,Debit Card,2.0,5.0,690.3391
10184,2024-05-13 00:00:00.000000,1026,Pooja,Ahmedabad,Electronics,South,4.0,842.08,18.18,Net Banking,1.0,1.0,2755.959424
10185,2024-05-14 00:00:00.000000,1136,Anjali,Kolkata,Electronics,Central,1.0,2220.58,12.85,UPI,10.0,4.0,1935.2354699999999
10186,2024-05-15 00:00:00.000000,1206,Vishal,Kolkata,Books,Central,5.0,3018.83,0.81,Credit Card,10.0,4.0,14971.887385
10187,2024-05-15 00:00:00.000000,1014,Karan,Pune,Clothing,West,7.0,495.02,23.51,Debit Card,9.0,2.0,2650.485586
10188,2024-05-16 00:00:00.000000,1089,Amit,Kolkata,Books,South,2.0,4703.89,0.32,Credit Card,10.0,5.0,9377.675104000002
10189,2024-05-17 00:00:00.000000,1041,Vishal,Gurugram,Books,West,6.0,3800.15,22.86,Cash on Delivery,8.0,5.0,17588.614260000002
10190,2024-05-18 00:00:00.000000,1123,Anjali,Hyderabad,Electronics,South,2.0,2974.46,26.8,Debit Card,7.0,3.0,4354.60944
10191,2024-05-18 00:00:00.000000,1204,Vishal,Delhi,Home & Kitchen,West,7.0,4159.35,12.99,Debit Card,3.0,3.0,25333.353045000003
10192,2024-05-19 00:00:00.000000,1178,Anjali,Delhi,Books,Central,1.0,492.92,16.07,Cash on Delivery,8.0,3.0,413.70775599999996
10193,2024-05-20 00:00:00.000000,1062,Anjali,Bengaluru,Home & Kitchen,Central,6.0,2436.51,14.31,Net Banking,2.0,4.0,12527.072514000001
10194,2024-05-21 00:00:00.000000,1095,Rohit,Pune,Home & Kitchen,North,7.0,3187.46,11.68,Debit Card,2.0,2.0,19706.152704
10195,2024-05-21 00:00:00.000000,1230,Amit,Pune,Beauty,East,5.0,4160.4,26.62,Credit Card,11.0,4.0,15264.5076
10196,2024-05-22 00:00:00.000000,1240,Pooja,Gurugram,Home & Kitchen,West,2.0,3939.0,26.82,UPI,10.0,5.0,5765.1204
10197,2024-05-23 00:00:00.000000,1051,Rohit,Ahmedabad,Electronics,East,5.0,1457.64,10.07,Credit Card,3.0,2.0,6554.278260000001
10198,2024-05-23 00:00:00.000000,1095,Karan,Mumbai,Beauty,East,6.0,4710.31,18.45,Net Banking,7.0,5.0,23047.54683
10199,2024-05-24 00:00:00.000000,1131,Rohit,Mumbai,Beauty,West,6.0,709.29,27.81,UPI,1.0,1.0,3072.2187059999997
10200,2024-05-25 00:00:00.000000,1221,Rahul,Jaipur,Sports,South,4.0,4388.15,28.86,Credit Card,8.0,5.0,12486.91964
10201,2024-05-26 00:00:00.000000,1228,Rahul,Gurugram,Books,East,5.0,4857.61,15.27,Credit Card,7.0,2.0,20579.264764999996
10202,2024-05-26 00:00:00.000000,1150,Pooja,Delhi,Electronics,Central,3.0,968.05,13.58,Cash on Delivery,4.0,4.0,2509.7664299999997
10203,2024-05-27 00:00:00.000000,1230,Vishal,Gurugram,Home & Kitchen,North,5.0,2473.755,8.36,Net Banking,5.0,3.0,11334.745410000001
10204,2024-05-28 00:00:00.000000,1236,Neha,Gurugram,Beauty,East,6.0,297.4,28.77,Cash on Delivery,10.0,5.0,1271.0281199999997
10205,2024-05-29 00:00:00.000000,1142,Pooja,Gurugram,Electronics,East,5.0,2086.57,4.28,UPI,1.0,4.0,9986.32402
10206,2024-05-29 00:00:00.000000,1170,Anjali,Pune,Beauty,Central,7.0,2629.79,17.39,Cash on Delivery,4.0,2.0,15207.286633
10207,2024-05-30 00:00:00.000000,1028,Priya,Gurugram,Home & Kitchen,West,1.0,2945.16,8.48,Net Banking,1.0,4.0,2695.410432
10208,2024-05-31 00:00:00.000000,1035,Neha,Pune,Beauty,South,3.0,4686.09,8.37,Debit Card,1.0,3.0,12881.592801
10209,2024-05-31 00:00:00.000000,1012,Neha,Mumbai,Books,Central,4.0,3394.03,12.15,Debit Card,10.0,4.0,11926.621420000001
10210,2024-06-01 00:00:00.000000,1159,Anjali,Jaipur,Books,South,7.0,2458.26,29.96,UPI,1.0,5.0,12052.357127999998
10211,2024-06-02 00:00:00.000000,1070,Anjali,Hyderabad,Sports,West,1.0,4067.41,1.65,Debit Card,7.0,3.0,4000.297735
10212,2024-06-03 00:00:00.000000,1186,Amit,Jaipur,Sports,East,4.0,4757.61,17.36,Cash on Delivery,7.0,3.0,15726.755615999999
10213,2024-06-03 00:00:00.000000,1242,Pooja,Bengaluru,Beauty,South,2.0,208.12,2.48,UPI,4.0,1.0,405.917248
10214,2024-06-04 00:00:00.000000,1085,Anjali,Jaipur,Electronics,North,4.0,4914.35,4.64,Net Banking,2.0,4.0,18745.29664
10215,2024-06-05 00:00:00.000000,1027,Rahul,Mumbai,Books,North,7.0,522.05,13.19,UPI,3.0,3.0,3172.3412349999994
10216,2024-06-06 00:00:00.000000,1065,Karan,Mumbai,Electronics,Central,5.0,4090.5,15.31,UPI,8.0,3.0,17321.22225
10217,2024-06-06 00:00:00.000000,1169,Priya,Gurugram,Electronics,West,7.0,1473.64,7.76,Credit Card,8.0,2.0,9514.998752000001
10218,2024-06-07 00:00:00.000000,1044,Pooja,Chennai,Beauty,Central,4.0,747.68,9.49,Credit Card,11.0,3.0,2706.9006719999998
10219,2024-06-08 00:00:00.000000,1061,Sneha,Bengaluru,Electronics,Central,6.0,2255.29,2.61,UPI,11.0,5.0,13178.561586
10220,2024-06-09 00:00:00.000000,1184,Rahul,Delhi,Books,Central,1.0,3255.39,9.1,Debit Card,6.0,3.0,2959.14951
10221,2024-06-09 00:00:00.000000,1244,Vishal,Kolkata,Home & Kitchen,North,1.0,1966.66,29.0,Credit Card,10.0,4.0,1396.3286
10222,2024-06-10 00:00:00.000000,1133,Anjali,Jaipur,Sports,North,4.0,367.37,28.34,Net Banking,9.0,4.0,1053.029368
10223,2024-06-11 00:00:00.000000,1027,Sneha,Chennai,Home & Kitchen,Central,1.0,3037.36,10.05,Cash on Delivery,11.0,4.0,2732.10532
10224,2024-06-11 00:00:00.000000,1027,Anjali,Gurugram,Electronics,North,6.0,4521.78,17.13,Credit Card,9.0,3.0,22483.194516
10225,2024-06-12 00:00:00.000000,1107,Neha,Pune,Home & Kitchen,West,7.0,1977.76,27.29,UPI,4.0,4.0,10066.205072
10226,2024-06-13 00:00:00.000000,1043,Rahul,Delhi,Books,Central,1.0,1160.03,0.19,Debit Card,1.0,5.0,1157.825943
10227,2024-06-14 00:00:00.000000,1083,Neha,Ahmedabad,Books,North,4.0,2268.63,24.32,Cash on Delivery,1.0,1.0,6867.596736
10228,2024-06-14 00:00:00.000000,1029,Amit,Chennai,Electronics,South,3.0,336.98,28.45,Credit Card,10.0,3.0,723.32757
10229,2024-06-15 00:00:00.000000,1189,Neha,Pune,Beauty,Central,3.0,4120.39,2.74,Debit Card,5.0,2.0,12022.473942000002
10230,2024-06-16 00:00:00.000000,1074,Amit,Bengaluru,Home & Kitchen,Central,2.0,4149.07,4.84,Debit Card,2.0,3.0,7896.510023999999
10231,2024-06-17 00:00:00.000000,1127,Amit,Gurugram,Beauty,West,1.0,2981.2,28.82,Debit Card,6.0,3.0,2122.0181599999996
10232,2024-06-17 00:00:00.000000,1249,Sneha,Delhi,Beauty,East,7.0,1830.2,16.13,UPI,7.0,4.0,10744.92118
10233,2024-06-18 00:00:00.000000,1246,Anjali,Delhi,Clothing,East,4.0,4018.94,0.43,Net Banking,1.0,2.0,16006.634232
10234,2024-06-19 00:00:00.000000,1091,Vishal,Delhi,Electronics,West,1.0,2817.97,7.73,Debit Card,6.0,4.0,2600.140919
10235,2024-06-19 00:00:00.000000,1216,Neha,Bengaluru,Sports,West,5.0,4147.07,13.5,Cash on Delivery,8.0,4.0,17936.077749999997
10236,2024-06-20 00:00:00.000000,1230,Rahul,Jaipur,Books,West,6.0,3194.15,20.79,Credit Card,5.0,3.0,15180.517290000002
10237,2024-06-21 00:00:00.000000,1189,Amit,Ahmedabad,Books,East,1.0,3943.59,21.99,Cash on Delivery,7.0,4.0,3076.3945590000003
10238,2024-06-22 00:00:00.000000,1224,Anjali,Bengaluru,Electronics,West,1.0,3032.96,29.86,UPI,10.0,3.0,2127.3181440000003
10239,2024-06-22 00:00:00.000000,1128,Priya,Kolkata,Sports,North,3.0,2129.29,8.63,UPI,6.0,5.0,5836.596818999999
10240,2024-06-23 00:00:00.000000,1120,Pooja,Ahmedabad,Books,Central,6.0,4793.93,16.15,Cash on Delivery,4.0,3.0,24118.261830000003
10241,2024-06-24 00:00:00.000000,1026,Sneha,Mumbai,Electronics,Central,4.0,2751.46,16.0,Net Banking,7.0,4.0,9244.9056
10242,2024-06-25 00:00:00.000000,1189,Vishal,Gurugram,Books,South,1.0,3064.94,12.17,UPI,10.0,3.0,2691.936802
10243,2024-06-25 00:00:00.000000,1120,Rohit,Bengaluru,Beauty,South,3.0,1180.39,5.07,UPI,9.0,3.0,3361.632681
10244,2024-06-26 00:00:00.000000,1115,Sneha,Pune,Home & Kitchen,Central,2.0,3165.69,29.32,Cash on Delivery,10.0,1.0,4475.019384
10245,2024-06-27 00:00:00.000000,1204,Priya,Ahmedabad,Home & Kitchen,North,6.0,2900.88,25.6,UPI,10.0,4.0,12949.52832
10246,2024-06-28 00:00:00.000000,1232,Pooja,Kolkata,Books,East,3.0,1005.71,14.95,Net Banking,7.0,3.0,2566.069065
10247,2024-06-28 00:00:00.000000,1002,Priya,Pune,Clothing,East,3.0,391.98,18.1,Net Banking,5.0,3.0,963.09486
10248,2024-06-29 00:00:00.000000,1102,Neha,Jaipur,Beauty,North,7.0,3061.36,6.82,Net Banking,7.0,5.0,19968.026736
10249,2024-06-30 00:00:00.000000,1197,Amit,Pune,Sports,East,3.0,3842.09,16.31,Credit Card,3.0,3.0,9646.335363
10250,2024-06-30 00:00:00.000000,1199,Vishal,Ahmedabad,Sports,West,7.0,2664.67,20.85,Net Banking,2.0,3.0,14763.604135000001
10251,2024-07-01 00:00:00.000000,1154,Karan,Gurugram,Beauty,Central,1.0,1211.19,15.46,Net Banking,11.0,3.0,1023.940026
10252,2024-07-02 00:00:00.000000,1136,Amit,Pune,Sports,Central,1.0,3365.96,29.71,Credit Card,5.0,3.0,2365.9332839999997
10253,2024-07-03 00:00:00.000000,1061,Karan,Mumbai,Home & Kitchen,North,2.0,492.52,18.34,Debit Card,4.0,4.0,804.383664
10254,2024-07-03 00:00:00.000000,1164,Pooja,Pune,Beauty,East,5.0,2264.99,11.13,UPI,5.0,4.0,10064.483065
10255,2024-07-04 00:00:00.000000,1224,Anjali,Hyderabad,Electronics,South,5.0,900.5,14.745000000000001,Net Banking,8.0,3.0,3838.6063750000003
10256,2024-07-05 00:00:00.000000,1050,Rohit,Chennai,Sports,South,5.0,2473.755,5.11,UPI,4.0,1.0,11736.730597500002
10257,2024-07-06 00:00:00.000000,1233,Rahul,Jaipur,Sports,East,7.0,1091.24,11.54,Cash on Delivery,9.0,3.0,6757.1763280000005
10258,2024-07-06 00:00:00.000000,1171,Amit,Mumbai,Electronics,South,6.0,1994.86,10.41,UPI,7.0,3.0,10723.170444
10259,2024-07-07 00:00:00.000000,1151,Vishal,Pune,Sports,North,6.0,350.64,12.95,Credit Card,10.0,5.0,1831.3927200000003
10260,2024-07-08 00:00:00.000000,1206,Priya,Chennai,Electronics,North,2.0,2049.19,23.45,UPI,7.0,2.0,3137.3098900000005
10261,2024-07-08 00:00:00.000000,1058,Vishal,Chennai,Beauty,East,6.0,2607.37,14.53,UPI,8.0,5.0,13371.114834
10262,2024-07-09 00:00:00.000000,1117,Pooja,Pune,Home & Kitchen,South,5.0,2468.14,23.82,UPI,6.0,4.0,9401.14526
10263,2024-07-10 00:00:00.000000,1159,Karan,Gurugram,Electronics,North,5.0,1975.64,17.29,Debit Card,8.0,4.0,8170.25922
10264,2024-07-11 00:00:00.000000,1095,Priya,Hyderabad,Beauty,North,3.0,4211.82,10.26,Debit Card,3.0,3.0,11339.061803999999
10265,2024-07-11 00:00:00.000000,1215,Rahul,Bengaluru,Electronics,West,6.0,812.1,24.3,Cash on Delivery,10.0,4.0,3688.5582000000004
10266,2024-07-12 00:00:00.000000,1232,Rahul,Hyderabad,Sports,West,1.0,2577.91,7.15,Credit Card,10.0,4.0,2393.589435
10267,2024-07-13 00:00:00.000000,1179,Amit,Pune,Beauty,North,1.0,404.0,6.73,UPI,1.0,4.0,376.8108
10268,2024-07-14 00:00:00.000000,1112,Pooja,Jaipur,Books,East,3.0,448.66,15.14,UPI,6.0,3.0,1142.198628
10269,2024-07-14 00:00:00.000000,1061,Anjali,Bengaluru,Beauty,Central,3.0,2911.94,7.83,UPI,1.0,3.0,8051.805294
10270,2024-07-15 00:00:00.000000,1240,Pooja,Mumbai,Books,Central,3.0,2873.49,0.27,UPI,9.0,4.0,8597.194731
10271,2024-07-16 00:00:00.000000,1185,Karan,Hyderabad,Electronics,North,1.0,2473.755,19.45,Debit Card,2.0,2.0,1992.6096525
10272,2024-07-17 00:00:00.000000,1051,Vishal,Pune,Home & Kitchen,North,5.0,2833.58,15.33,Cash on Delivery,11.0,3.0,11995.96093
10273,2024-07-17 00:00:00.000000,1011,Rahul,Hyderabad,Clothing,North,3.0,4802.98,13.37,Net Banking,2.0,5.0,12482.464722
10274,2024-07-18 00:00:00.000000,1038,Vishal,Bengaluru,Beauty,East,2.0,338.6,29.01,Credit Card,7.0,1.0,480.74428
10275,2024-07-19 00:00:00.000000,1129,Vishal,Kolkata,Sports,West,7.0,580.24,17.14,UPI,2.0,3.0,3365.508048
10276,2024-07-19 00:00:00.000000,1130,Vishal,Ahmedabad,Books,North,3.0,315.92,25.9,Cash on Delivery,10.0,3.0,702.29016
10277,2024-07-20 00:00:00.000000,1112,Rahul,Hyderabad,Sports,North,7.0,1007.86,4.18,Net Banking,8.0,4.0,6760.120164000001
10278,2024-07-21 00:00:00.000000,1100,Sneha,Mumbai,Home & Kitchen,South,4.0,2752.22,17.08,Cash on Delivery,6.0,2.0,9128.563296
10279,2024-07-22 00:00:00.000000,1112,Neha,Mumbai,Books,East,3.0,3263.3,26.04,Debit Card,7.0,4.0,7240.610040000001
10280,2024-07-22 00:00:00.000000,1183,Karan,Delhi,Beauty,North,1.0,323.37,17.49,Net Banking,7.0,2.0,266.812587
10281,2024-07-23 00:00:00.000000,1080,Sneha,Hyderabad,Electronics,South,6.0,4735.26,21.54,Cash on Delivery,6.0,2.0,22291.709976
10282,2024-07-24 00:00:00.000000,1186,Karan,Ahmedabad,Sports,Central,3.0,4226.61,11.16,Debit Card,10.0,4.0,11264.760971999998
10283,2024-07-25 00:00:00.000000,1112,Priya,Pune,Home & Kitchen,North,6.0,1553.4,2.77,Cash on Delivery,11.0,3.0,9062.224920000002
10284,2024-07-25 00:00:00.000000,1001,Pooja,Chennai,Beauty,North,4.0,478.22,13.74,Cash on Delivery,6.0,5.0,1650.0502880000001
10285,2024-07-26 00:00:00.000000,1129,Pooja,Ahmedabad,Beauty,South,2.0,932.45,11.83,Net Banking,9.0,1.0,1644.2823300000002
10286,2024-07-27 00:00:00.000000,1219,Rohit,Chennai,Beauty,East,6.0,722.03,26.01,Debit Card,7.0,3.0,3205.3799820000004
10287,2024-07-27 00:00:00.000000,1053,Pooja,Chennai,Beauty,North,7.0,704.09,7.32,UPI,9.0,2.0,4567.854284
10288,2024-07-28 00:00:00.000000,1086,Rahul,Kolkata,Books,Central,5.0,2640.95,29.0,Credit Card,10.0,3.0,9375.3725
10289,2024-07-29 00:00:00.000000,1228,Anjali,Delhi,Beauty,North,3.0,1304.65,14.745000000000001,Net Banking,3.0,5.0,3336.8380725
10290,2024-12-30 01:41:49.090909,1223,Amit,Ahmedabad,Sports,Central,4.0,1854.88,7.43,Debit Card,3.0,5.0,6868.249664
10291,2024-07-30 00:00:00.000000,1224,Rohit,Ahmedabad,Home & Kitchen,West,4.0,4948.58,10.44,Cash on Delivery,1.0,1.0,17727.792992
10292,2024-07-31 00:00:00.000000,1128,Amit,Kolkata,Books,West,6.0,3453.14,26.87,Debit Card,5.0,4.0,15151.687692000001
10293,2024-08-01 00:00:00.000000,1146,Karan,Hyderabad,Beauty,Central,4.0,4750.01,29.0,Credit Card,4.0,3.0,13490.0284
10294,2024-08-02 00:00:00.000000,1125,Amit,Hyderabad,Clothing,East,1.0,798.53,13.3,Credit Card,2.0,2.0,692.32551
10295,2024-08-02 00:00:00.000000,1129,Amit,Hyderabad,Clothing,North,4.0,1972.48,9.63,UPI,9.0,2.0,7130.120704
10296,2024-08-03 00:00:00.000000,1052,Rohit,Jaipur,Home & Kitchen,North,4.0,2818.19,15.78,UPI,3.0,3.0,9493.918472000001
10297,2024-08-04 00:00:00.000000,1171,Priya,Chennai,Electronics,West,2.0,476.11,20.63,Credit Card,8.0,5.0,755.7770140000001
10298,2024-08-05 00:00:00.000000,1217,Vishal,Jaipur,Electronics,Central,5.0,120.52,8.2,Net Banking,6.0,5.0,553.1868000000001
10299,2024-08-05 00:00:00.000000,1159,Pooja,Delhi,Books,North,4.0,3385.13,22.09,Net Banking,5.0,3.0,10549.419132
10300,2024-08-06 00:00:00.000000,1197,Pooja,Kolkata,Books,North,2.0,3244.92,1.55,Cash on Delivery,1.0,4.0,6389.24748
10301,2024-08-07 00:00:00.000000,1159,Rahul,Ahmedabad,Books,East,1.0,2112.87,1.48,UPI,4.0,3.0,2081.5995239999997
10302,2024-08-07 00:00:00.000000,1246,Rohit,Chennai,Electronics,South,1.0,2499.26,11.59,Cash on Delivery,3.0,2.0,2209.5957660000004
10303,2024-08-08 00:00:00.000000,1067,Rahul,Jaipur,Clothing,West,4.0,2135.67,10.6,UPI,1.0,1.0,7637.15592
10304,2024-08-09 00:00:00.000000,1182,Anjali,Jaipur,Electronics,West,7.0,217.62,9.47,Credit Card,5.0,4.0,1379.0797020000002
10305,2024-08-10 00:00:00.000000,1202,Anjali,Pune,Sports,South,4.0,1743.32,14.73,Net Banking,6.0,4.0,5946.115855999999
10306,2024-08-10 00:00:00.000000,1183,Rahul,Jaipur,Beauty,North,6.0,967.7,9.62,Net Banking,2.0,5.0,5247.643560000001
10307,2024-08-11 00:00:00.000000,1122,Rohit,Gurugram,Books,East,3.0,582.28,5.77,Credit Card,3.0,5.0,1646.0473319999999
10308,2024-08-12 00:00:00.000000,1144,Rahul,Ahmedabad,Clothing,East,2.0,4787.93,9.28,Cash on Delivery,11.0,3.0,8687.220192
10309,2024-08-13 00:00:00.000000,1037,Pooja,Gurugram,Home & Kitchen,West,4.0,3036.86,29.25,Cash on Delivery,6.0,5.0,8594.3138
10310,2024-08-13 00:00:00.000000,1023,Sneha,Ahmedabad,Home & Kitchen,East,3.0,3670.42,12.33,Debit Card,4.0,3.0,9653.571642
10311,2024-08-14 00:00:00.000000,1068,Neha,Kolkata,Beauty,South,6.0,1645.28,13.34,UPI,9.0,4.0,8554.797888000001
10312,2024-08-15 00:00:00.000000,1115,Amit,Ahmedabad,Clothing,North,3.0,2026.42,17.3,Cash on Delivery,5.0,4.0,5027.54802
10313,2024-08-15 00:00:00.000000,1097,Amit,Gurugram,Electronics,South,4.0,1260.93,29.5,Credit Card,4.0,3.0,3555.8226000000004
10314,2024-08-16 00:00:00.000000,1197,Rohit,Ahmedabad,Electronics,Central,1.0,575.13,7.25,Cash on Delivery,2.0,5.0,533.433075
10315,2024-08-17 00:00:00.000000,1213,Neha,Kolkata,Sports,West,2.0,977.26,20.44,Net Banking,6.0,5.0,1555.016112
10316,2024-08-18 00:00:00.000000,1138,Anjali,Kolkata,Sports,East,2.0,4007.82,14.745000000000001,UPI,10.0,2.0,6833.733882
10317,2024-08-18 00:00:00.000000,1239,Karan,Delhi,Electronics,Central,1.0,3419.97,18.22,Debit Card,2.0,1.0,2796.8514659999996
10318,2024-08-19 00:00:00.000000,1143,Amit,Ahmedabad,Home & Kitchen,East,7.0,2473.755,2.66,UPI,7.0,4.0,16855.671819
10319,2024-08-20 00:00:00.000000,1096,Vishal,Pune,Books,North,4.0,2427.94,14.745000000000001,Net Banking,3.0,4.0,8279.760988
10320,2024-08-21 00:00:00.000000,1200,Rohit,Hyderabad,Home & Kitchen,East,2.0,4619.93,1.92,Net Banking,9.0,5.0,9062.454688
10321,2024-08-21 00:00:00.000000,1123,Amit,Mumbai,Sports,North,4.0,456.4,17.88,Net Banking,11.0,3.0,1499.18272
10322,2024-08-22 00:00:00.000000,1186,Neha,Kolkata,Beauty,East,6.0,1474.94,22.19,Net Banking,5.0,2.0,6885.904884
10323,2024-08-23 00:00:00.000000,1069,Anjali,Bengaluru,Electronics,Central,4.0,1814.7,6.33,Credit Card,8.0,3.0,6799.31796
10324,2024-08-24 00:00:00.000000,1207,Priya,Hyderabad,Sports,North,3.0,3933.89,25.25,Debit Card,11.0,1.0,8821.748325
10325,2024-08-24 00:00:00.000000,1092,Sneha,Chennai,Sports,Central,1.0,4963.32,0.91,Net Banking,6.0,1.0,4918.153788
10326,2024-08-25 00:00:00.000000,1002,Vishal,Ahmedabad,Books,East,7.0,1279.29,25.31,Net Banking,10.0,5.0,6688.511906999999
10327,2024-08-26 00:00:00.000000,1147,Sneha,Gurugram,Electronics,Central,4.0,4384.11,13.81,Cash on Delivery,8.0,3.0,15114.657635999998
10328,2024-08-26 00:00:00.000000,1186,Amit,Mumbai,Books,East,7.0,4170.05,6.53,Credit Card,11.0,3.0,27284.220145000003
10329,2024-08-27 00:00:00.000000,1163,Anjali,Bengaluru,Beauty,East,7.0,1200.82,4.01,UPI,3.0,1.0,8068.669825999999
10330,2024-08-28 00:00:00.000000,1146,Anjali,Hyderabad,Books,West,6.0,2056.73,28.6,Debit Card,3.0,3.0,8811.03132
10331,2024-12-30 01:41:49.090909,1089,Neha,Ahmedabad,Home & Kitchen,East,5.0,2107.4,2.18,Debit Card,5.0,5.0,10307.293399999999
10332,2024-08-29 00:00:00.000000,1194,Pooja,Delhi,Beauty,East,1.0,4893.28,14.745000000000001,Debit Card,11.0,4.0,4171.765864
10333,2024-08-30 00:00:00.000000,1146,Neha,Chennai,Beauty,South,7.0,986.37,10.43,Net Banking,10.0,4.0,6184.441263
10334,2024-08-31 00:00:00.000000,1147,Pooja,Mumbai,Electronics,North,2.0,4015.87,18.61,Net Banking,3.0,3.0,6537.033186000001
10335,2024-09-01 00:00:00.000000,1095,Pooja,Pune,Clothing,West,3.0,1737.54,16.34,Credit Card,8.0,3.0,4360.8778919999995
10336,2024-09-01 00:00:00.000000,1198,Vishal,Delhi,Sports,West,2.0,3681.26,3.77,UPI,10.0,3.0,7084.952996000001
10337,2024-09-02 00:00:00.000000,1051,Neha,Bengaluru,Sports,West,6.0,2158.05,8.69,Cash on Delivery,8.0,3.0,11823.092730000002
10338,2024-09-03 00:00:00.000000,1232,Priya,Mumbai,Electronics,South,6.0,2933.96,7.16,Credit Card,2.0,5.0,16343.330784000002
10339,2024-09-03 00:00:00.000000,1160,Rahul,Delhi,Books,East,2.0,4179.8,14.745000000000001,UPI,4.0,3.0,7126.97698
10340,2024-09-04 00:00:00.000000,1167,Rahul,Chennai,Clothing,North,1.0,4040.41,12.33,Credit Card,10.0,4.0,3542.227447
10341,2024-09-05 00:00:00.000000,1127,Neha,Pune,Home & Kitchen,Central,2.0,4345.47,21.12,Credit Card,1.0,2.0,6855.413472
10342,2024-09-06 00:00:00.000000,1038,Neha,Delhi,Books,East,4.0,392.12,6.52,Cash on Delivery,4.0,4.0,1466.2151039999999
10343,2024-12-30 01:41:49.090909,1081,Sneha,Jaipur,Books,South,2.0,3491.05,11.0,Debit Card,11.0,5.0,6214.069
10344,2024-09-07 00:00:00.000000,1103,Vishal,Pune,Electronics,East,3.0,785.94,11.73,Cash on Delivery,4.0,3.0,2081.247714
10345,2024-09-08 00:00:00.000000,1128,Neha,Bengaluru,Electronics,East,3.0,2137.51,29.29,Credit Card,10.0,4.0,4534.299963000001
10346,2024-09-09 00:00:00.000000,1010,Sneha,Chennai,Sports,South,5.0,2788.08,28.64,Net Banking,9.0,5.0,9947.86944
10347,2024-09-09 00:00:00.000000,1219,Pooja,Ahmedabad,Electronics,West,3.0,2073.42,14.745000000000001,UPI,3.0,4.0,5303.082663
10348,2024-09-10 00:00:00.000000,1184,Anjali,Gurugram,Electronics,West,2.0,2646.1,7.25,Debit Card,2.0,3.0,4908.5154999999995
10349,2024-09-11 00:00:00.000000,1216,Anjali,Gurugram,Electronics,North,3.0,4982.98,2.04,Net Banking,9.0,3.0,14643.981624
10350,2024-12-30 01:41:49.090909,1177,Pooja,Gurugram,Sports,North,1.0,762.56,9.51,Credit Card,9.0,3.0,690.040544
10351,2024-09-12 00:00:00.000000,1150,Rohit,Mumbai,Home & Kitchen,West,7.0,2473.755,8.0,Credit Card,1.0,4.0,15930.9822
10352,2024-09-13 00:00:00.000000,1158,Sneha,Bengaluru,Home & Kitchen,Central,3.0,2040.4,15.18,UPI,6.0,3.0,5192.001840000001
10353,2024-09-14 00:00:00.000000,1221,Sneha,Chennai,Electronics,East,4.0,751.75,23.33,Debit Card,10.0,3.0,2305.4669000000004
10354,2024-09-14 00:00:00.000000,1041,Pooja,Pune,Sports,Central,1.0,877.81,25.75,Net Banking,8.0,5.0,651.7739249999998
10355,2024-12-30 01:41:49.090909,1098,Amit,Mumbai,Home & Kitchen,East,5.0,4751.44,25.35,Net Banking,3.0,2.0,17734.749799999998
10356,2024-09-16 00:00:00.000000,1006,Karan,Bengaluru,Books,West,4.0,4410.05,10.79,UPI,11.0,3.0,15736.82242
10357,2024-09-17 00:00:00.000000,1143,Amit,Ahmedabad,Home & Kitchen,North,2.0,4544.51,20.62,Cash on Delivery,9.0,1.0,7214.864076
10358,2024-09-17 00:00:00.000000,1089,Pooja,Jaipur,Home & Kitchen,North,7.0,4958.51,9.39,Credit Card,2.0,5.0,31450.341377
10359,2024-09-18 00:00:00.000000,1111,Neha,Chennai,Sports,Central,2.0,1120.75,1.83,Cash on Delivery,6.0,2.0,2200.48055
10360,2024-09-19 00:00:00.000000,1248,Neha,Gurugram,Books,North,7.0,1841.65,21.05,Cash on Delivery,1.0,4.0,10177.878725
10361,2024-09-20 00:00:00.000000,1243,Vishal,Delhi,Sports,West,7.0,3379.17,0.29,Cash on Delivery,7.0,1.0,23585.592849
10362,2024-09-20 00:00:00.000000,1059,Pooja,Chennai,Electronics,Central,2.0,2470.63,12.28,UPI,3.0,4.0,4334.473272
10363,2024-09-21 00:00:00.000000,1112,Vishal,Kolkata,Beauty,East,4.0,2150.11,9.88,UPI,7.0,5.0,7750.716528000001
10364,2024-09-22 00:00:00.000000,1001,Pooja,Bengaluru,Home & Kitchen,North,4.0,1853.28,20.8,Credit Card,4.0,3.0,5871.191040000001
10365,2024-09-22 00:00:00.000000,1128,Sneha,Hyderabad,Beauty,South,7.0,2473.755,22.99,Cash on Delivery,9.0,4.0,13335.2710785
10366,2024-09-23 00:00:00.000000,1047,Amit,Ahmedabad,Sports,North,4.0,2920.41,9.12,UPI,5.0,3.0,10616.274432
10367,2024-09-24 00:00:00.000000,1139,Sneha,Jaipur,Sports,East,7.0,891.14,24.35,Credit Card,3.0,3.0,4719.03187
10368,2024-09-25 00:00:00.000000,1196,Karan,Ahmedabad,Sports,Central,4.0,2411.53,8.82,Credit Card,8.0,5.0,8795.332216
10369,2024-09-25 00:00:00.000000,1036,Anjali,Chennai,Beauty,East,1.0,2812.01,13.39,Cash on Delivery,6.0,3.0,2435.481861
10370,2024-09-26 00:00:00.000000,1159,Rahul,Hyderabad,Sports,South,6.0,2894.41,21.81,Debit Card,2.0,4.0,13578.835074
10371,2024-09-27 00:00:00.000000,1246,Pooja,Kolkata,Electronics,West,1.0,1129.53,20.79,Cash on Delivery,3.0,2.0,894.7007130000001
10372,2024-09-28 00:00:00.000000,1008,Karan,Pune,Sports,North,2.0,3737.13,29.62,Debit Card,8.0,3.0,5260.384188
10373,2024-09-28 00:00:00.000000,1232,Anjali,Delhi,Clothing,Central,6.0,223.48,6.75,Credit Card,10.0,3.0,1250.3706
10374,2024-09-29 00:00:00.000000,1098,Rohit,Hyderabad,Beauty,West,3.0,1838.68,19.87,UPI,7.0,4.0,4420.002852
10375,2024-09-30 00:00:00.000000,1146,Amit,Bengaluru,Clothing,East,2.0,3923.04,18.29,Net Banking,10.0,3.0,6411.031968
10376,2024-10-01 00:00:00.000000,1047,Vishal,Gurugram,Sports,Central,5.0,2863.08,27.45,Credit Card,6.0,4.0,10385.8227
10377,2024-10-01 00:00:00.000000,1207,Vishal,Kolkata,Electronics,West,1.0,1379.7,4.69,UPI,1.0,2.0,1314.99207
10378,2024-10-02 00:00:00.000000,1130,Amit,Delhi,Home & Kitchen,Central,4.0,3505.27,22.55,Credit Card,9.0,1.0,10859.32646
10379,2024-10-03 00:00:00.000000,1147,Neha,Jaipur,Books,South,1.0,2880.22,17.05,Cash on Delivery,3.0,4.0,2389.1424899999997
10380,2024-10-03 00:00:00.000000,1151,Anjali,Gurugram,Beauty,South,4.0,4001.59,8.24,Debit Card,5.0,5.0,14687.435936
10381,2024-10-04 00:00:00.000000,1053,Rohit,Chennai,Sports,North,6.0,3701.62,14.23,Credit Card,7.0,1.0,19049.276844
10382,2024-10-05 00:00:00.000000,1119,Karan,Hyderabad,Electronics,North,5.0,3089.53,10.01,UPI,7.0,4.0,13901.340235000001
10383,2024-10-06 00:00:00.000000,1160,Amit,Delhi,Beauty,South,6.0,2492.07,17.38,Cash on Delivery,3.0,3.0,12353.689404000002
10384,2024-10-06 00:00:00.000000,1151,Anjali,Mumbai,Clothing,Central,5.0,752.59,26.67,Net Banking,4.0,4.0,2759.3712350000005
10385,2024-10-07 00:00:00.000000,1115,Rohit,Pune,Clothing,South,1.0,1380.53,17.08,Cash on Delivery,10.0,5.0,1144.735476
10386,2024-10-08 00:00:00.000000,1074,Rahul,Pune,Clothing,North,4.0,2153.59,18.95,Credit Card,7.0,5.0,6981.93878
10387,2024-10-09 00:00:00.000000,1112,Pooja,Kolkata,Beauty,South,4.0,3036.57,15.56,Cash on Delivery,8.0,4.0,10256.318832
10388,2024-10-09 00:00:00.000000,1199,Vishal,Jaipur,Books,South,5.0,2617.17,1.53,Net Banking,2.0,3.0,12885.636495
10389,2024-10-10 00:00:00.000000,1163,Karan,Kolkata,Electronics,Central,7.0,1512.1,6.99,UPI,9.0,3.0,9844.829469999999
10390,2024-12-30 01:41:49.090909,1165,Vishal,Mumbai,Beauty,West,2.0,131.68,14.76,Credit Card,7.0,4.0,224.48806400000004
10391,2024-10-11 00:00:00.000000,1103,Karan,Bengaluru,Clothing,North,2.0,2531.57,14.745000000000001,Debit Card,8.0,1.0,4316.5800070000005
10392,2024-10-12 00:00:00.000000,1083,Sneha,Jaipur,Beauty,Central,6.0,1499.57,5.45,Net Banking,6.0,3.0,8507.06061
10393,2024-10-13 00:00:00.000000,1226,Neha,Ahmedabad,Home & Kitchen,South,4.0,3699.58,15.12,Debit Card,6.0,5.0,12560.814016
10394,2024-10-14 00:00:00.000000,1111,Karan,Bengaluru,Beauty,South,7.0,217.34,9.68,Cash on Delivery,9.0,5.0,1374.1104160000002
10395,2024-10-14 00:00:00.000000,1216,Vishal,Jaipur,Beauty,West,6.0,2473.755,7.74,Debit Card,4.0,2.0,13693.718178000001
10396,2024-10-15 00:00:00.000000,1098,Sneha,Jaipur,Electronics,North,1.0,4713.22,13.92,Net Banking,11.0,4.0,4057.1397760000004
10397,2024-10-16 00:00:00.000000,1152,Karan,Mumbai,Electronics,North,5.0,954.61,4.0,Credit Card,11.0,5.0,4582.128
10398,2024-10-17 00:00:00.000000,1092,Rahul,Chennai,Beauty,East,1.0,2411.08,27.83,Credit Card,5.0,3.0,1740.076436
10399,2024-10-17 00:00:00.000000,1145,Neha,Mumbai,Clothing,North,2.0,547.97,26.03,Debit Card,9.0,3.0,810.666818
10400,2024-10-18 00:00:00.000000,1127,Karan,Jaipur,Home & Kitchen,West,5.0,3165.84,21.23,UPI,1.0,4.0,12468.66084
10401,2024-10-19 00:00:00.000000,1109,Sneha,Delhi,Electronics,East,6.0,2797.61,3.19,Debit Card,4.0,3.0,16250.197445999998
10402,2024-10-20 00:00:00.000000,1081,Anjali,Bengaluru,Clothing,East,1.0,2096.09,23.28,Cash on Delivery,7.0,2.0,1608.1202480000002
10403,2024-10-20 00:00:00.000000,1193,Priya,Mumbai,Sports,South,3.0,2654.75,24.24,Credit Card,11.0,4.0,6033.715800000001
10404,2024-12-30 01:41:49.090909,1053,Rohit,Chennai,Electronics,South,4.0,4493.22,23.03,Credit Card,9.0,5.0,13833.725736000002
10405,2024-10-22 00:00:00.000000,1162,Priya,Hyderabad,Clothing,North,7.0,1061.84,3.42,Credit Card,11.0,4.0,7178.675503999999
10406,2024-10-22 00:00:00.000000,1207,Amit,Kolkata,Clothing,East,7.0,210.57,19.32,UPI,10.0,4.0,1189.215132
10407,2024-10-23 00:00:00.000000,1188,Amit,Jaipur,Home & Kitchen,South,4.0,4322.16,25.03,UPI,6.0,3.0,12961.293408
10408,2024-10-24 00:00:00.000000,1168,Rahul,Ahmedabad,Home & Kitchen,West,3.0,2927.87,17.32,Net Banking,8.0,3.0,7262.288748
10409,2024-10-25 00:00:00.000000,1227,Anjali,Hyderabad,Sports,South,2.0,4464.23,19.39,Debit Card,9.0,4.0,7197.231605999999
10410,2024-10-25 00:00:00.000000,1160,Pooja,Pune,Clothing,South,5.0,3025.03,13.75,Debit Card,10.0,3.0,13045.441875000002
10411,2024-10-26 00:00:00.000000,1067,Karan,Gurugram,Books,East,4.0,4069.79,15.86,Cash on Delivery,4.0,5.0,13697.285224000001
10412,2024-10-27 00:00:00.000000,1032,Rohit,Chennai,Clothing,East,3.0,2205.4,1.03,Credit Card,1.0,2.0,6548.053140000001
10413,2024-10-28 00:00:00.000000,1141,Neha,Ahmedabad,Home & Kitchen,Central,6.0,3774.31,19.17,UPI,8.0,3.0,18304.648638000002
10414,2024-10-28 00:00:00.000000,1020,Anjali,Gurugram,Books,West,7.0,4573.9,2.44,Cash on Delivery,2.0,3.0,31236.077879999997
10415,2024-10-29 00:00:00.000000,1047,Vishal,Chennai,Electronics,East,3.0,2903.4,13.05,Cash on Delivery,11.0,5.0,7573.5189
10416,2024-10-30 00:00:00.000000,1147,Pooja,Delhi,Electronics,North,2.0,985.85,8.78,UPI,1.0,2.0,1798.58474
10417,2024-10-30 00:00:00.000000,1247,Amit,Kolkata,Beauty,West,2.0,1417.11,14.745000000000001,Debit Card,7.0,1.0,2416.314261
10418,2024-10-31 00:00:00.000000,1127,Amit,Hyderabad,Home & Kitchen,West,1.0,1073.36,4.0,Credit Card,10.0,3.0,1030.4255999999998
10419,2024-11-01 00:00:00.000000,1135,Anjali,Bengaluru,Beauty,East,4.0,1309.6,20.75,Credit Card,9.0,5.0,4151.432
10420,2024-11-02 00:00:00.000000,1134,Sneha,Chennai,Books,West,1.0,1601.44,23.85,Cash on Delivery,11.0,2.0,1219.49656
10421,2024-11-02 00:00:00.000000,1194,Priya,Bengaluru,Home & Kitchen,East,7.0,2820.16,4.9,Credit Card,9.0,3.0,18773.805119999997
10422,2024-11-03 00:00:00.000000,1144,Vishal,Kolkata,Sports,South,3.0,2981.16,3.13,Net Banking,3.0,2.0,8663.549076
10423,2024-11-04 00:00:00.000000,1127,Amit,Jaipur,Clothing,Central,5.0,2189.85,4.37,Cash on Delivery,6.0,4.0,10470.767775
10424,2024-11-05 00:00:00.000000,1032,Rohit,Pune,Sports,South,5.0,3115.56,26.31,Debit Card,7.0,1.0,11479.28082
10425,2024-11-05 00:00:00.000000,1175,Amit,Hyderabad,Books,East,2.0,499.72,15.85,Debit Card,10.0,3.0,841.02876
10426,2024-11-06 00:00:00.000000,1203,Neha,Kolkata,Home & Kitchen,East,5.0,530.16,14.02,Debit Card,9.0,3.0,2279.15784
10427,2024-11-07 00:00:00.000000,1186,Karan,Kolkata,Books,South,5.0,941.96,3.2,UPI,2.0,4.0,4559.0864
10428,2024-11-08 00:00:00.000000,1114,Amit,Delhi,Clothing,North,4.0,2638.58,19.49,Cash on Delivery,8.0,3.0,8497.283032
10429,2024-11-08 00:00:00.000000,1213,Neha,Gurugram,Electronics,North,5.0,1148.57,26.04,Credit Card,7.0,4.0,4247.41186
10430,2024-11-09 00:00:00.000000,1118,Anjali,Pune,Electronics,North,3.0,1488.09,14.745000000000001,Debit Card,4.0,5.0,3806.0133884999996
10431,2024-11-10 00:00:00.000000,1021,Anjali,Hyderabad,Books,East,5.0,2061.53,18.78,Debit Card,2.0,3.0,8371.873330000002
10432,2024-11-10 00:00:00.000000,1237,Pooja,Jaipur,Beauty,West,6.0,4078.14,2.26,UPI,8.0,3.0,23915.844216
10433,2024-11-11 00:00:00.000000,1157,Amit,Jaipur,Home & Kitchen,East,5.0,167.92,3.37,Credit Card,11.0,4.0,811.30548
10434,2024-11-12 00:00:00.000000,1037,Rohit,Mumbai,Home & Kitchen,West,5.0,3281.96,1.48,Cash on Delivery,5.0,4.0,16166.934959999999
10435,2024-11-13 00:00:00.000000,1229,Amit,Pune,Electronics,South,1.0,3377.5,7.72,Net Banking,6.0,5.0,3116.757
10436,2024-11-13 00:00:00.000000,1108,Rohit,Chennai,Sports,Central,3.0,4013.41,4.07,UPI,11.0,3.0,11550.192639
10437,2024-11-14 00:00:00.000000,1050,Rahul,Delhi,Clothing,West,2.0,4670.49,7.8,Cash on Delivery,7.0,4.0,8612.38356
10438,2024-11-15 00:00:00.000000,1181,Pooja,Pune,Sports,East,1.0,198.68,11.55,Net Banking,10.0,3.0,175.73246
10439,2024-11-16 00:00:00.000000,1007,Rahul,Jaipur,Sports,East,4.0,853.54,28.29,Debit Card,1.0,5.0,2448.294136
10440,2024-11-16 00:00:00.000000,1026,Amit,Hyderabad,Books,South,3.0,4442.24,18.31,Debit Card,8.0,2.0,10886.597568
10441,2024-11-17 00:00:00.000000,1026,Pooja,Mumbai,Electronics,North,6.0,2346.74,25.05,Credit Card,4.0,3.0,10553.28978
10442,2024-11-18 00:00:00.000000,1225,Rahul,Hyderabad,Electronics,South,3.0,2866.49,21.31,Net Banking,9.0,3.0,6766.922943
10443,2024-11-18 00:00:00.000000,1020,Priya,Delhi,Electronics,Central,4.0,3348.83,14.745000000000001,Debit Card,1.0,3.0,11420.180066
10444,2024-11-19 00:00:00.000000,1029,Amit,Chennai,Books,East,4.0,3427.43,22.08,Debit Card,11.0,3.0,10682.613824
10445,2024-11-20 00:00:00.000000,1096,Rahul,Mumbai,Beauty,East,4.0,4665.53,8.25,Credit Card,2.0,2.0,17122.4951
10446,2024-11-21 00:00:00.000000,1027,Priya,Mumbai,Sports,Central,7.0,4985.05,19.17,Cash on Delivery,6.0,3.0,28205.911405
10447,2024-11-21 00:00:00.000000,1110,Priya,Gurugram,Books,East,2.0,3628.77,10.23,Debit Card,11.0,5.0,6515.093658
10448,2024-11-22 00:00:00.000000,1191,Anjali,Pune,Home & Kitchen,West,5.0,1507.38,29.93,UPI,10.0,3.0,5281.10583
10449,2024-11-23 00:00:00.000000,1224,Amit,Mumbai,Clothing,South,3.0,4410.79,7.91,UPI,11.0,4.0,12185.689532999999
10450,2024-11-24 00:00:00.000000,1196,Priya,Gurugram,Beauty,North,7.0,341.18,8.37,Cash on Delivery,1.0,2.0,2188.362638
10451,2024-11-24 00:00:00.000000,1060,Anjali,Gurugram,Home & Kitchen,Central,4.0,1232.3,27.92,Net Banking,4.0,3.0,3552.9673599999996
10452,2024-11-25 00:00:00.000000,1047,Rahul,Delhi,Sports,West,5.0,4497.19,14.745000000000001,Credit Card,8.0,3.0,19170.3966725
10453,2024-11-26 00:00:00.000000,1146,Neha,Bengaluru,Electronics,North,6.0,1355.34,20.9,UPI,10.0,4.0,6432.4436399999995
10454,2024-11-27 00:00:00.000000,1003,Amit,Hyderabad,Sports,North,4.0,1181.19,21.76,UPI,5.0,3.0,3696.652224
10455,2024-11-27 00:00:00.000000,1034,Pooja,Chennai,Books,Central,2.0,776.81,25.09,Cash on Delivery,9.0,5.0,1163.816742
10456,2024-11-28 00:00:00.000000,1191,Rohit,Ahmedabad,Clothing,West,6.0,4309.65,29.23,Net Banking,11.0,5.0,18299.63583
10457,2024-11-29 00:00:00.000000,1048,Rohit,Hyderabad,Books,North,1.0,2550.29,29.27,Net Banking,11.0,5.0,1803.820117
10458,2024-11-29 00:00:00.000000,1016,Rahul,Mumbai,Beauty,North,7.0,3406.98,1.96,Cash on Delivery,6.0,3.0,23381.422344000002
10459,2024-11-30 00:00:00.000000,1171,Amit,Chennai,Beauty,West,7.0,1271.43,24.66,UPI,1.0,2.0,6705.267534
10460,2024-12-01 00:00:00.000000,1219,Sneha,Jaipur,Clothing,East,2.0,3814.4,19.39,Credit Card,6.0,4.0,6149.575680000001
10461,2024-12-02 00:00:00.000000,1157,Rahul,Bengaluru,Home & Kitchen,North,5.0,3824.03,19.42,UPI,6.0,4.0,15407.016870000001
10462,2024-12-02 00:00:00.000000,1220,Priya,Jaipur,Home & Kitchen,South,7.0,1631.73,3.85,Net Banking,6.0,2.0,10982.358765
10463,2024-12-03 00:00:00.000000,1045,Amit,Jaipur,Beauty,West,2.0,2112.34,19.51,UPI,8.0,4.0,3400.444932
10464,2024-12-04 00:00:00.000000,1116,Rohit,Pune,Beauty,North,7.0,1127.48,29.47,Credit Card,6.0,1.0,5566.481508000001
10465,2024-12-05 00:00:00.000000,1005,Rohit,Hyderabad,Electronics,Central,7.0,4885.15,27.35,Credit Card,5.0,3.0,24843.430324999994
10466,2024-12-05 00:00:00.000000,1098,Priya,Ahmedabad,Home & Kitchen,South,4.0,3263.45,13.17,UPI,11.0,3.0,11334.614539999999
10467,2024-12-06 00:00:00.000000,1123,Rohit,Delhi,Clothing,North,1.0,4679.27,1.2,Cash on Delivery,2.0,4.0,4623.11876
10468,2024-12-07 00:00:00.000000,1232,Pooja,Ahmedabad,Home & Kitchen,South,4.0,1586.59,10.87,Debit Card,4.0,3.0,5656.510668
10469,2024-12-07 00:00:00.000000,1036,Amit,Jaipur,Electronics,South,1.0,3931.27,24.79,Cash on Delivery,10.0,5.0,2956.708167
10470,2024-12-08 00:00:00.000000,1023,Karan,Mumbai,Books,East,7.0,3852.71,21.04,Cash on Delivery,5.0,3.0,21294.698712
10471,2024-12-09 00:00:00.000000,1092,Rohit,Bengaluru,Beauty,South,6.0,3489.11,13.78,Cash on Delivery,10.0,4.0,18049.863852
10472,2024-12-10 00:00:00.000000,1240,Rahul,Kolkata,Beauty,East,5.0,4831.63,1.65,UPI,4.0,5.0,23759.540525000004
10473,2024-12-10 00:00:00.000000,1045,Pooja,Ahmedabad,Electronics,West,7.0,2028.42,12.81,Net Banking,2.0,4.0,12380.055786
10474,2024-12-11 00:00:00.000000,1180,Rohit,Jaipur,Clothing,East,1.0,740.51,14.07,Debit Card,7.0,5.0,636.320243
10475,2024-12-12 00:00:00.000000,1094,Pooja,Bengaluru,Beauty,Central,1.0,3391.37,27.86,Credit Card,10.0,1.0,2446.534318
10476,2024-12-13 00:00:00.000000,1098,Anjali,Chennai,Sports,North,1.0,3673.62,19.23,Net Banking,10.0,3.0,2967.1828739999996
10477,2024-12-13 00:00:00.000000,1187,Karan,Hyderabad,Beauty,West,7.0,2473.755,9.35,UPI,2.0,2.0,15697.212352499999
10478,2024-12-14 00:00:00.000000,1224,Vishal,Gurugram,Sports,West,2.0,1113.41,15.76,Cash on Delivery,1.0,3.0,1875.8731680000003
10479,2024-12-15 00:00:00.000000,1115,Rahul,Pune,Electronics,Central,6.0,2571.83,1.98,Credit Card,5.0,5.0,15125.446596
10480,2024-12-16 00:00:00.000000,1190,Rahul,Bengaluru,Electronics,East,2.0,1629.73,29.18,Debit Card,1.0,1.0,2308.3495719999996
10481,2024-12-16 00:00:00.000000,1212,Amit,Mumbai,Beauty,North,5.0,2194.59,10.8,Net Banking,1.0,4.0,9787.8714
10482,2024-12-17 00:00:00.000000,1159,Pooja,Mumbai,Home & Kitchen,East,7.0,3261.57,14.34,Net Banking,1.0,4.0,19557.026034000002
10483,2024-12-18 00:00:00.000000,1214,Priya,Bengaluru,Sports,South,1.0,3751.55,10.66,Credit Card,6.0,4.0,3351.63477
10484,2024-12-18 00:00:00.000000,1160,Rahul,Mumbai,Clothing,East,6.0,1237.9,20.48,UPI,9.0,3.0,5906.268480000001
10485,2024-12-19 00:00:00.000000,1066,Pooja,Hyderabad,Beauty,East,6.0,2086.09,19.87,Debit Card,10.0,4.0,10029.503502000001
10486,2024-12-20 00:00:00.000000,1127,Pooja,Mumbai,Clothing,North,3.0,1418.89,21.46,Credit Card,11.0,2.0,3343.188618
10487,2024-12-21 00:00:00.000000,1017,Neha,Ahmedabad,Beauty,East,5.0,1073.29,8.04,Cash on Delivery,1.0,3.0,4934.9874199999995
10488,2024-12-21 00:00:00.000000,1024,Neha,Gurugram,Home & Kitchen,North,6.0,3938.6,9.47,Debit Card,5.0,4.0,21393.687479999997
10489,2024-12-22 00:00:00.000000,1233,Vishal,Mumbai,Home & Kitchen,North,7.0,4555.34,3.76,Net Banking,9.0,4.0,30688.414512000003
10490,2024-12-23 00:00:00.000000,1222,Anjali,Gurugram,Home & Kitchen,South,1.0,1914.14,19.67,Credit Card,9.0,3.0,1537.628662
10491,2024-12-24 00:00:00.000000,1053,Vishal,Jaipur,Books,South,1.0,3781.27,1.19,Net Banking,1.0,5.0,3736.272887
10492,2024-12-30 01:41:49.090909,1057,Rohit,Delhi,Home & Kitchen,West,6.0,4495.28,17.93,Credit Card,8.0,3.0,22135.657776
10493,2024-12-25 00:00:00.000000,1066,Priya,Hyderabad,Electronics,Central,2.0,4246.01,26.09,Net Banking,1.0,3.0,6276.4519820000005
10494,2024-12-26 00:00:00.000000,1103,Rohit,Delhi,Electronics,North,5.0,995.79,26.72,UPI,8.0,1.0,3648.57456
10495,2024-12-26 00:00:00.000000,1173,Sneha,Jaipur,Books,Central,1.0,4785.83,14.745000000000001,Net Banking,1.0,4.0,4080.1593665
10496,2024-12-27 00:00:00.000000,1023,Rohit,Hyderabad,Sports,West,6.0,1945.71,13.78,Cash on Delivery,5.0,4.0,10065.546972
10497,2024-12-28 00:00:00.000000,1113,Amit,Bengaluru,Clothing,North,1.0,1762.28,2.31,Cash on Delivery,8.0,2.0,1721.571332
10498,2024-12-29 00:00:00.000000,1031,Rohit,Bengaluru,Beauty,North,6.0,405.91,20.12,Debit Card,6.0,3.0,1945.445448
10499,2024-12-29 00:00:00.000000,1174,Vishal,Gurugram,Beauty,Central,5.0,2482.25,24.64,Net Banking,9.0,4.0,9353.118
10500,2024-12-30 00:00:00.000000,1085,Rahul,Jaipur,Books,East,4.0,634.17,14.745000000000001,Net Banking,1.0,3.0,2162.646534
10501,2024-12-31 00:00:00.000000,1150,Rahul,Gurugram,Electronics,South,3.0,1317.85,12.64,Credit Card,9.0,3.0,3453.8212799999997
10502,2025-01-01 00:00:00.000000,1193,Neha,Pune,Beauty,East,6.0,1653.02,25.17,UPI,1.0,4.0,7421.729195999999
10503,2025-01-01 00:00:00.000000,1126,Priya,Mumbai,Electronics,Central,6.0,4063.25,26.31,Debit Card,10.0,3.0,17965.25355
10504,2025-01-02 00:00:00.000000,1154,Amit,Kolkata,Sports,South,7.0,4389.89,7.3,Net Banking,10.0,5.0,28485.996210000005
10505,2025-01-03 00:00:00.000000,1233,Amit,Pune,Clothing,East,5.0,1582.08,16.52,Credit Card,3.0,2.0,6603.601919999999
10506,2025-01-04 00:00:00.000000,1129,Vishal,Mumbai,Sports,South,7.0,4307.62,5.77,UPI,1.0,4.0,28413.492282
10507,2025-01-04 00:00:00.000000,1217,Neha,Hyderabad,Books,North,6.0,4300.43,3.06,Debit Card,3.0,3.0,25013.021052000004
10508,2025-01-05 00:00:00.000000,1016,Sneha,Gurugram,Home & Kitchen,East,5.0,3846.79,27.33,Debit Card,11.0,5.0,13977.311465
10509,2025-01-06 00:00:00.000000,1103,Priya,Hyderabad,Home & Kitchen,South,3.0,818.81,24.62,Net Banking,2.0,2.0,1851.6569339999999
10510,2025-01-06 00:00:00.000000,1160,Amit,Hyderabad,Home & Kitchen,South,5.0,3482.58,22.8,Debit Card,2.0,4.0,13442.758800000001
10511,2025-01-07 00:00:00.000000,1136,Rohit,Mumbai,Sports,South,1.0,4730.62,1.46,Credit Card,9.0,4.0,4661.5529480000005
10512,2025-01-08 00:00:00.000000,1042,Rohit,Jaipur,Beauty,East,7.0,3444.45,25.31,Debit Card,8.0,3.0,18008.617935
10513,2025-01-09 00:00:00.000000,1245,Neha,Mumbai,Clothing,West,5.0,1724.92,13.14,Credit Card,1.0,3.0,7491.327560000001
10514,2025-01-09 00:00:00.000000,1175,Vishal,Chennai,Home & Kitchen,East,3.0,2552.84,10.27,Credit Card,4.0,4.0,6871.989996
10515,2025-01-10 00:00:00.000000,1038,Vishal,Bengaluru,Books,Central,4.0,3264.05,16.39,UPI,1.0,5.0,10916.28882
10516,2025-01-11 00:00:00.000000,1220,Anjali,Bengaluru,Books,East,6.0,2601.8,2.74,UPI,1.0,2.0,15183.064080000002
10517,2025-01-12 00:00:00.000000,1169,Karan,Pune,Home & Kitchen,South,5.0,687.77,22.7,Net Banking,4.0,1.0,2658.23105
10518,2025-01-12 00:00:00.000000,1246,Priya,Bengaluru,Home & Kitchen,North,6.0,1629.11,17.47,Net Banking,2.0,5.0,8067.026898
10519,2025-01-13 00:00:00.000000,1025,Vishal,Mumbai,Clothing,East,2.0,4031.74,5.6,Cash on Delivery,3.0,3.0,7611.925119999999
10520,2025-01-14 00:00:00.000000,1098,Rahul,Ahmedabad,Home & Kitchen,East,1.0,4320.95,5.65,UPI,11.0,5.0,4076.816325
10521,2025-01-14 00:00:00.000000,1049,Neha,Gurugram,Clothing,South,7.0,772.77,5.53,UPI,9.0,4.0,5110.250732999999
10522,2025-01-15 00:00:00.000000,1152,Sneha,Mumbai,Books,North,1.0,4766.7,1.71,UPI,2.0,3.0,4685.189429999999
10523,2025-01-16 00:00:00.000000,1151,Anjali,Mumbai,Home & Kitchen,North,2.0,1711.23,17.63,UPI,4.0,2.0,2819.080302
10524,2025-01-17 00:00:00.000000,1012,Pooja,Kolkata,Sports,Central,2.0,3345.34,25.21,Debit Card,1.0,3.0,5003.959572000001
10525,2025-01-17 00:00:00.000000,1059,Amit,Gurugram,Sports,East,7.0,3783.94,14.745000000000001,Credit Card,2.0,4.0,22581.986329000003
10526,2025-01-18 00:00:00.000000,1249,Sneha,Chennai,Books,North,5.0,4078.54,1.47,Credit Card,5.0,5.0,20092.92731
10527,2025-01-19 00:00:00.000000,1134,Pooja,Bengaluru,Clothing,North,2.0,4734.17,17.18,Cash on Delivery,10.0,5.0,7841.679188000001
10528,2025-01-20 00:00:00.000000,1056,Rohit,Pune,Sports,West,4.0,1633.31,24.58,Debit Card,1.0,2.0,4927.369608
10529,2025-01-20 00:00:00.000000,1035,Amit,Bengaluru,Clothing,West,6.0,4306.68,9.8,UPI,11.0,2.0,23307.752160000004
10530,2025-01-21 00:00:00.000000,1172,Priya,Pune,Sports,North,6.0,745.27,10.49,UPI,7.0,1.0,4002.547062
10531,2025-01-22 00:00:00.000000,1019,Rahul,Gurugram,Sports,Central,3.0,3554.7,17.89,Net Banking,4.0,5.0,8756.292509999997
10532,2025-01-23 00:00:00.000000,1064,Amit,Bengaluru,Beauty,North,2.0,3735.69,8.23,Net Banking,6.0,3.0,6856.485426
10533,2025-01-23 00:00:00.000000,1007,Karan,Chennai,Beauty,South,2.0,3420.84,0.8,Cash on Delivery,8.0,1.0,6786.94656
10534,2024-12-30 01:41:49.090909,1237,Pooja,Delhi,Sports,East,4.0,1336.34,22.06,UPI,6.0,2.0,4166.173583999999
10535,2025-01-25 00:00:00.000000,1143,Priya,Hyderabad,Home & Kitchen,Central,1.0,4377.91,18.77,Cash on Delivery,2.0,3.0,3556.176293
10536,2025-01-25 00:00:00.000000,1141,Karan,Hyderabad,Books,South,1.0,927.41,17.42,Debit Card,6.0,5.0,765.8551779999999
10537,2025-01-26 00:00:00.000000,1203,Rohit,Chennai,Beauty,Central,6.0,362.81,22.25,Credit Card,8.0,4.0,1692.50865
10538,2024-12-30 01:41:49.090909,1114,Karan,Kolkata,Clothing,South,6.0,3615.58,20.26,UPI,8.0,2.0,17298.380952
10539,2025-01-28 00:00:00.000000,1214,Anjali,Delhi,Beauty,East,5.0,2429.83,6.18,Debit Card,9.0,3.0,11398.33253
10540,2025-01-28 00:00:00.000000,1142,Anjali,Pune,Electronics,East,7.0,4260.58,10.57,UPI,6.0,3.0,26671.656858
10541,2025-01-29 00:00:00.000000,1091,Neha,Chennai,Electronics,West,4.0,1978.65,3.78,Net Banking,1.0,1.0,7615.42812
10542,2025-01-30 00:00:00.000000,1097,Sneha,Hyderabad,Beauty,South,7.0,924.57,3.9,Cash on Delivery,9.0,2.0,6219.5823900000005
10543,2025-01-31 00:00:00.000000,1065,Sneha,Hyderabad,Sports,West,7.0,4198.57,20.29,Net Banking,3.0,4.0,23426.761028999998
10544,2024-12-30 01:41:49.090909,1031,Priya,Hyderabad,Home & Kitchen,South,3.0,2789.66,25.76,Credit Card,11.0,2.0,6213.130751999999
10545,2025-02-01 00:00:00.000000,1214,Rohit,Jaipur,Books,West,7.0,1027.06,28.88,Net Banking,6.0,3.0,5113.115504
10546,2025-02-02 00:00:00.000000,1190,Vishal,Chennai,Beauty,East,3.0,2473.755,18.85,UPI,10.0,3.0,6022.3565475000005
10547,2025-02-02 00:00:00.000000,1085,Anjali,Mumbai,Electronics,Central,7.0,2604.46,5.52,Net Banking,10.0,4.0,17224.856656
10548,2025-02-03 00:00:00.000000,1050,Priya,Pune,Sports,West,4.0,3061.13,3.17,UPI,11.0,4.0,11856.368716
10549,2025-02-04 00:00:00.000000,1152,Vishal,Hyderabad,Books,South,3.0,2358.4,14.745000000000001,Credit Card,9.0,4.0,6031.961760000001
10550,2025-02-05 00:00:00.000000,1185,Sneha,Bengaluru,Beauty,South,1.0,4160.67,17.36,Net Banking,11.0,4.0,3438.377688
10551,2025-02-05 00:00:00.000000,1062,Neha,Chennai,Sports,East,3.0,4164.86,18.55,Cash on Delivery,3.0,4.0,10176.835409999998
10552,2025-02-06 00:00:00.000000,1189,Karan,Jaipur,Sports,South,3.0,3576.01,23.44,Credit Card,5.0,1.0,8213.379768
10553,2025-02-07 00:00:00.000000,1124,Anjali,Chennai,Electronics,North,4.0,616.47,21.1,Cash on Delivery,5.0,5.0,1945.5793199999998
10554,2025-02-08 00:00:00.000000,1149,Priya,Pune,Electronics,Central,4.0,4210.38,25.03,Net Banking,6.0,2.0,12626.087544
10555,2025-02-08 00:00:00.000000,1057,Amit,Jaipur,Sports,East,3.0,3387.96,1.69,Net Banking,7.0,3.0,9992.110428
10556,2025-02-09 00:00:00.000000,1057,Vishal,Pune,Clothing,Central,2.0,3515.42,22.43,Net Banking,4.0,4.0,5453.822588000001
10557,2025-02-10 00:00:00.000000,1085,Karan,Chennai,Sports,East,4.0,1878.62,25.53,UPI,11.0,3.0,5596.033255999999
10558,2025-02-11 00:00:00.000000,1048,Anjali,Mumbai,Books,West,5.0,4408.47,8.58,Credit Card,4.0,5.0,20151.116370000003
10559,2025-02-11 00:00:00.000000,1179,Sneha,Pune,Sports,West,5.0,3654.32,19.21,Cash on Delivery,6.0,3.0,14761.62564
10560,2025-02-12 00:00:00.000000,1169,Rohit,Jaipur,Home & Kitchen,North,4.0,651.69,9.42,UPI,9.0,5.0,2361.203208
10561,2025-02-13 00:00:00.000000,1069,Vishal,Jaipur,Home & Kitchen,East,7.0,2098.11,28.74,Cash on Delivery,11.0,5.0,10465.792302
10562,2025-02-13 00:00:00.000000,1014,Sneha,Pune,Home & Kitchen,South,3.0,4443.26,1.0,UPI,4.0,5.0,13196.4822
10563,2025-02-14 00:00:00.000000,1053,Anjali,Ahmedabad,Clothing,North,2.0,331.26,17.39,Net Banking,4.0,5.0,547.307772
10564,2025-02-15 00:00:00.000000,1234,Vishal,Chennai,Clothing,North,1.0,4810.94,5.0,Cash on Delivery,6.0,3.0,4570.392999999999
10565,2025-02-16 00:00:00.000000,1187,Karan,Ahmedabad,Sports,Central,3.0,3427.9,21.37,Net Banking,6.0,4.0,8086.073310000001
10566,2025-02-16 00:00:00.000000,1100,Anjali,Kolkata,Home & Kitchen,Central,4.0,3193.74,5.28,Cash on Delivery,6.0,3.0,12100.442111999999
10567,2025-02-17 00:00:00.000000,1224,Pooja,Chennai,Clothing,Central,5.0,1425.74,7.06,Debit Card,1.0,2.0,6625.41378
10568,2025-02-18 00:00:00.000000,1007,Priya,Pune,Electronics,North,6.0,1319.08,14.83,UPI,11.0,4.0,6740.762616
10569,2025-02-19 00:00:00.000000,1052,Karan,Delhi,Sports,South,2.0,4716.09,14.745000000000001,Debit Card,3.0,5.0,8041.405059000001
10570,2025-02-19 00:00:00.000000,1059,Vishal,Pune,Books,West,6.0,1561.54,6.35,UPI,9.0,4.0,8774.29326
10571,2025-02-20 00:00:00.000000,1235,Rohit,Ahmedabad,Beauty,Central,5.0,3899.98,4.33,Credit Card,6.0,5.0,18655.554330000003
10572,2025-02-21 00:00:00.000000,1107,Sneha,Mumbai,Sports,South,7.0,2026.3,22.77,Cash on Delivery,6.0,5.0,10954.38043
10573,2025-02-21 00:00:00.000000,1004,Amit,Pune,Beauty,East,7.0,782.34,15.02,Credit Card,5.0,2.0,4653.827724
10574,2025-02-22 00:00:00.000000,1102,Sneha,Pune,Home & Kitchen,Central,6.0,152.5,27.35,Credit Card,11.0,3.0,664.7475
10575,2025-02-23 00:00:00.000000,1195,Vishal,Mumbai,Beauty,West,4.0,2766.86,4.4,UPI,3.0,3.0,10580.47264
10576,2025-02-24 00:00:00.000000,1005,Sneha,Pune,Home & Kitchen,East,3.0,4881.32,19.38,Debit Card,11.0,2.0,11805.960552
10577,2025-02-24 00:00:00.000000,1108,Priya,Hyderabad,Electronics,East,4.0,1908.77,6.99,Net Banking,5.0,4.0,7101.387908000001
10578,2025-02-25 00:00:00.000000,1223,Anjali,Delhi,Beauty,East,6.0,1850.24,4.7,UPI,1.0,5.0,10579.67232
10579,2025-02-26 00:00:00.000000,1115,Amit,Bengaluru,Sports,Central,4.0,1786.05,20.5,Net Banking,3.0,4.0,5679.639
10580,2025-02-27 00:00:00.000000,1093,Rahul,Delhi,Home & Kitchen,North,5.0,2650.66,17.81,Credit Card,4.0,3.0,10892.887270000001
10581,2025-02-27 00:00:00.000000,1046,Vishal,Pune,Sports,West,2.0,2259.26,22.64,Net Banking,5.0,1.0,3495.5270720000003
10582,2025-02-28 00:00:00.000000,1098,Neha,Hyderabad,Clothing,West,4.0,4411.58,9.28,Debit Card,10.0,3.0,16008.741504
10583,2025-03-01 00:00:00.000000,1054,Rahul,Chennai,Home & Kitchen,West,5.0,2577.05,13.44,UPI,9.0,4.0,11153.4724
10584,2025-03-02 00:00:00.000000,1167,Sneha,Pune,Beauty,East,2.0,2588.01,12.16,Debit Card,6.0,3.0,4546.615968
10585,2025-03-02 00:00:00.000000,1051,Vishal,Ahmedabad,Home & Kitchen,South,7.0,778.02,29.52,Debit Card,3.0,2.0,3838.4394719999996
10586,2025-03-03 00:00:00.000000,1143,Pooja,Hyderabad,Sports,North,3.0,4915.42,8.77,UPI,10.0,3.0,13453.012998
10587,2025-03-04 00:00:00.000000,1012,Amit,Mumbai,Electronics,Central,6.0,1324.87,8.84,Debit Card,1.0,3.0,7246.508951999999
10588,2025-03-04 00:00:00.000000,1113,Amit,Hyderabad,Home & Kitchen,Central,7.0,459.48,10.64,Cash on Delivery,10.0,5.0,2874.139296
10589,2025-03-05 00:00:00.000000,1123,Rohit,Mumbai,Beauty,South,3.0,3349.42,16.94,Credit Card,6.0,2.0,8346.084756
10590,2025-03-06 00:00:00.000000,1105,Pooja,Kolkata,Clothing,West,7.0,3017.3,7.57,Cash on Delivery,7.0,1.0,19522.232730000003
10591,2025-03-07 00:00:00.000000,1157,Rahul,Bengaluru,Books,North,1.0,2134.21,27.46,Net Banking,10.0,1.0,1548.1559340000001
10592,2025-03-07 00:00:00.000000,1146,Anjali,Gurugram,Electronics,Central,7.0,2168.74,7.97,Debit Card,8.0,3.0,13971.239953999999
10593,2025-03-08 00:00:00.000000,1144,Priya,Hyderabad,Clothing,Central,5.0,3946.81,26.87,UPI,1.0,4.0,14431.510765
10594,2025-03-09 00:00:00.000000,1119,Rohit,Jaipur,Home & Kitchen,West,2.0,1058.99,3.1,UPI,4.0,4.0,2052.32262
10595,2025-03-10 00:00:00.000000,1062,Pooja,Ahmedabad,Sports,South,7.0,4119.24,19.7,Net Banking,6.0,3.0,23154.248040000002
10596,2025-03-10 00:00:00.000000,1018,Anjali,Pune,Sports,North,4.0,3278.86,27.21,UPI,5.0,4.0,9546.728776
10597,2025-03-11 00:00:00.000000,1091,Anjali,Ahmedabad,Beauty,South,4.0,2152.95,5.06,Cash on Delivery,2.0,3.0,8176.04292
10598,2024-12-30 01:41:49.090909,1057,Vishal,Delhi,Sports,South,7.0,2344.34,29.05,Debit Card,1.0,4.0,11643.164610000002
10599,2025-03-12 00:00:00.000000,1182,Pooja,Gurugram,Electronics,North,2.0,1357.57,13.59,UPI,8.0,1.0,2346.152474
10600,2025-03-13 00:00:00.000000,1089,Amit,Delhi,Sports,North,5.0,3785.36,28.37,UPI,6.0,3.0,13557.266839999998
10601,2025-03-14 00:00:00.000000,1228,Sneha,Kolkata,Beauty,Central,1.0,2613.09,20.3,Credit Card,5.0,4.0,2082.63273
10602,2025-03-15 00:00:00.000000,1217,Neha,Gurugram,Books,Central,3.0,1672.19,9.05,Credit Card,9.0,5.0,4562.570414999999
10603,2025-03-15 00:00:00.000000,1116,Neha,Gurugram,Home & Kitchen,North,6.0,3020.65,5.65,Credit Card,11.0,4.0,17099.899650000003
10604,2025-03-16 00:00:00.000000,1061,Rahul,Delhi,Home & Kitchen,East,2.0,4979.1,9.11,Debit Card,11.0,2.0,9051.00798
10605,2025-03-17 00:00:00.000000,1022,Rahul,Mumbai,Sports,Central,6.0,2232.79,2.79,Cash on Delivery,2.0,3.0,13022.970953999999
10606,2024-12-30 01:41:49.090909,1126,Neha,Delhi,Clothing,East,2.0,4611.39,4.32,Cash on Delivery,10.0,5.0,8824.355904
10607,2025-03-18 00:00:00.000000,1136,Amit,Ahmedabad,Home & Kitchen,North,2.0,1790.58,3.14,Cash on Delivery,8.0,2.0,3468.7115759999997
10608,2025-03-19 00:00:00.000000,1139,Priya,Mumbai,Books,Central,5.0,368.19,12.69,Debit Card,11.0,2.0,1607.333445
10609,2025-03-20 00:00:00.000000,1244,Karan,Ahmedabad,Sports,South,5.0,1100.79,23.87,Debit Card,10.0,2.0,4190.1571349999995
10610,2025-03-21 00:00:00.000000,1128,Sneha,Kolkata,Beauty,North,5.0,2151.61,4.24,Credit Card,9.0,3.0,10301.90868
10611,2025-03-21 00:00:00.000000,1057,Priya,Pune,Books,West,7.0,1176.21,3.91,UPI,1.0,2.0,7911.541323000001
10612,2025-03-22 00:00:00.000000,1121,Vishal,Chennai,Sports,East,4.0,101.11,19.3,Net Banking,7.0,3.0,326.38307999999995
10613,2025-03-23 00:00:00.000000,1000,Karan,Mumbai,Books,North,2.0,4583.51,5.92,Net Banking,8.0,3.0,8624.332416
10614,2025-03-23 00:00:00.000000,1238,Karan,Kolkata,Home & Kitchen,North,3.0,4235.01,2.93,UPI,3.0,5.0,12332.772621
10615,2025-03-24 00:00:00.000000,1033,Pooja,Jaipur,Beauty,Central,6.0,3737.23,5.01,Credit Card,4.0,1.0,21299.968662
10616,2025-03-25 00:00:00.000000,1095,Amit,Kolkata,Sports,Central,5.0,922.29,27.71,UPI,3.0,3.0,3333.617205
10617,2025-03-26 00:00:00.000000,1125,Amit,Delhi,Beauty,Central,7.0,689.78,24.64,UPI,7.0,4.0,3638.727456
10618,2025-03-26 00:00:00.000000,1117,Karan,Delhi,Beauty,West,5.0,431.26,10.62,Net Banking,9.0,4.0,1927.3009400000003
10619,2025-03-27 00:00:00.000000,1047,Pooja,Chennai,Electronics,Central,6.0,3647.74,19.67,Credit Card,3.0,3.0,17581.377252
10620,2025-03-28 00:00:00.000000,1088,Sneha,Kolkata,Books,North,6.0,4651.16,16.12,Debit Card,6.0,5.0,23408.358048
10621,2025-03-29 00:00:00.000000,1231,Karan,Bengaluru,Clothing,Central,2.0,2209.63,20.31,Net Banking,8.0,1.0,3521.7082940000005
10622,2025-03-29 00:00:00.000000,1236,Rohit,Pune,Beauty,South,5.0,683.79,20.48,Debit Card,6.0,3.0,2718.7490399999997
10623,2025-03-30 00:00:00.000000,1116,Rahul,Delhi,Books,Central,6.0,2610.72,18.86,Credit Card,2.0,3.0,12710.029248
10624,2025-03-31 00:00:00.000000,1128,Rahul,Chennai,Electronics,West,4.0,1809.28,7.98,UPI,7.0,2.0,6659.597824
10625,2025-03-31 00:00:00.000000,1015,Priya,Pune,Home & Kitchen,South,4.0,1936.64,1.17,Cash on Delivery,2.0,5.0,7655.9252480000005
10626,2025-04-01 00:00:00.000000,1188,Vishal,Kolkata,Home & Kitchen,North,5.0,3144.52,13.67,Cash on Delivery,2.0,4.0,13573.32058
10627,2025-04-02 00:00:00.000000,1230,Rahul,Kolkata,Clothing,North,7.0,3621.72,26.73,Credit Card,2.0,2.0,18575.439707999998
10628,2025-04-03 00:00:00.000000,1191,Anjali,Gurugram,Beauty,East,6.0,641.96,17.08,Cash on Delivery,11.0,1.0,3193.8793920000003
10629,2025-04-03 00:00:00.000000,1190,Priya,Chennai,Beauty,South,2.0,274.39,24.97,Debit Card,1.0,2.0,411.74963399999996
10630,2025-04-04 00:00:00.000000,1068,Rahul,Delhi,Beauty,East,2.0,4972.22,29.75,Cash on Delivery,11.0,4.0,6985.9691
10631,2025-04-05 00:00:00.000000,1021,Vishal,Bengaluru,Books,South,7.0,1240.37,4.91,Credit Card,1.0,2.0,8256.274831
10632,2025-04-06 00:00:00.000000,1092,Amit,Kolkata,Clothing,South,2.0,363.77,20.75,Credit Card,7.0,2.0,576.5754499999999
10633,2025-04-06 00:00:00.000000,1246,Amit,Bengaluru,Beauty,West,1.0,1030.39,20.23,Debit Card,5.0,3.0,821.9421030000001
10634,2025-04-07 00:00:00.000000,1194,Sneha,Kolkata,Books,East,5.0,290.89,29.4,Cash on Delivery,11.0,4.0,1026.8416999999997
10635,2025-04-08 00:00:00.000000,1075,Karan,Delhi,Home & Kitchen,West,2.0,2019.87,29.57,Cash on Delivery,3.0,5.0,2845.1888819999995
10636,2025-04-09 00:00:00.000000,1153,Rohit,Pune,Electronics,South,4.0,4031.77,20.6,UPI,1.0,4.0,12804.901520000001
10637,2025-04-09 00:00:00.000000,1143,Amit,Hyderabad,Books,North,6.0,1772.1,7.31,Net Banking,11.0,2.0,9855.35694
10638,2025-04-10 00:00:00.000000,1178,Pooja,Pune,Home & Kitchen,South,4.0,2276.5,23.96,Credit Card,10.0,5.0,6924.2024
10639,2025-04-11 00:00:00.000000,1228,Rahul,Pune,Home & Kitchen,West,7.0,3410.38,3.21,Credit Card,6.0,4.0,23106.347614
10640,2025-04-11 00:00:00.000000,1085,Pooja,Ahmedabad,Electronics,East,4.0,2593.58,23.42,Credit Card,11.0,5.0,7944.654256
10641,2025-04-12 00:00:00.000000,1184,Vishal,Hyderabad,Home & Kitchen,East,2.0,4321.08,27.31,UPI,1.0,3.0,6281.986104
10642,2025-04-13 00:00:00.000000,1028,Amit,Hyderabad,Clothing,West,3.0,4343.57,11.49,Net Banking,9.0,3.0,11533.481420999999
10643,2025-04-14 00:00:00.000000,1205,Rohit,Bengaluru,Electronics,East,3.0,148.56,18.92,UPI,2.0,4.0,361.357344
10644,2025-04-14 00:00:00.000000,1219,Amit,Pune,Home & Kitchen,Central,4.0,3912.43,12.9,Credit Card,1.0,2.0,13630.90612
10645,2025-04-15 00:00:00.000000,1068,Anjali,Bengaluru,Sports,North,4.0,2357.59,13.13,Cash on Delivery,7.0,4.0,8192.153732
10646,2025-04-16 00:00:00.000000,1046,Anjali,Bengaluru,Books,North,7.0,4945.32,9.31,Credit Card,6.0,5.0,31394.374956
10647,2025-04-17 00:00:00.000000,1240,Pooja,Ahmedabad,Home & Kitchen,North,4.0,2467.84,22.86,Debit Card,6.0,5.0,7614.7671040000005
10648,2025-04-17 00:00:00.000000,1093,Karan,Pune,Clothing,East,1.0,4935.79,28.09,Debit Card,5.0,3.0,3549.3265890000002
10649,2025-04-18 00:00:00.000000,1237,Priya,Pune,Beauty,East,1.0,3797.39,28.22,Debit Card,11.0,4.0,2725.766542
10650,2025-04-19 00:00:00.000000,1189,Karan,Jaipur,Home & Kitchen,South,3.0,1318.16,5.24,Debit Card,4.0,2.0,3747.2652480000006
10651,2025-04-19 00:00:00.000000,1243,Sneha,Kolkata,Beauty,South,5.0,2738.14,26.24,Net Banking,11.0,1.0,10098.26032
10652,2025-04-20 00:00:00.000000,1196,Karan,Ahmedabad,Sports,North,6.0,4961.46,22.12,Cash on Delivery,4.0,3.0,23183.910288
10653,2025-04-21 00:00:00.000000,1203,Sneha,Jaipur,Home & Kitchen,Central,6.0,4301.9,7.59,Cash on Delivery,3.0,4.0,23852.314739999998
10654,2025-04-22 00:00:00.000000,1143,Amit,Delhi,Beauty,South,3.0,577.1,2.02,Credit Card,10.0,3.0,1696.3277400000002
10655,2025-04-22 00:00:00.000000,1217,Rohit,Kolkata,Beauty,South,6.0,3561.22,8.04,UPI,8.0,2.0,19649.387472
10656,2025-04-23 00:00:00.000000,1217,Amit,Kolkata,Sports,East,1.0,2473.755,27.37,Credit Card,7.0,4.0,1796.6882564999999
10657,2025-04-24 00:00:00.000000,1175,Rohit,Gurugram,Electronics,Central,4.0,134.21,19.0,Credit Card,9.0,4.0,434.84040000000005
10658,2025-04-25 00:00:00.000000,1084,Sneha,Gurugram,Electronics,North,6.0,2077.06,21.63,Credit Card,1.0,5.0,9766.751532000002
10659,2025-04-25 00:00:00.000000,1038,Vishal,Mumbai,Electronics,South,7.0,1250.3,7.71,Credit Card,7.0,3.0,8077.313090000001
10660,2025-04-26 00:00:00.000000,1099,Anjali,Mumbai,Electronics,Central,3.0,4112.46,21.58,Cash on Delivery,10.0,4.0,9674.973396000001
10661,2025-04-27 00:00:00.000000,1032,Sneha,Bengaluru,Home & Kitchen,Central,5.0,1752.92,0.84,UPI,4.0,3.0,8690.97736
10662,2025-04-28 00:00:00.000000,1221,Rohit,Delhi,Books,North,3.0,4154.87,11.26,Credit Card,7.0,5.0,11061.094914
10663,2025-04-28 00:00:00.000000,1100,Vishal,Hyderabad,Home & Kitchen,Central,2.0,102.93,18.8,Cash on Delivery,1.0,4.0,167.15832000000003
10664,2025-04-29 00:00:00.000000,1022,Rohit,Hyderabad,Home & Kitchen,Central,3.0,1608.31,4.38,Credit Card,5.0,3.0,4613.5980660000005
10665,2025-04-30 00:00:00.000000,1249,Karan,Gurugram,Sports,Central,1.0,1281.71,14.745000000000001,Debit Card,3.0,5.0,1092.7218605
10666,2025-04-30 00:00:00.000000,1009,Rahul,Gurugram,Sports,South,4.0,1244.48,14.745000000000001,Credit Card,5.0,5.0,4243.925696
10667,2025-05-01 00:00:00.000000,1245,Pooja,Gurugram,Books,North,4.0,434.11,19.57,Credit Card,4.0,3.0,1396.618692
10668,2025-05-02 00:00:00.000000,1068,Priya,Ahmedabad,Sports,Central,7.0,1016.91,12.16,Net Banking,2.0,1.0,6252.776207999999
10669,2025-05-03 00:00:00.000000,1099,Rohit,Chennai,Clothing,Central,6.0,2822.19,17.88,Debit Card,11.0,2.0,13905.494568
10670,2025-05-03 00:00:00.000000,1033,Priya,Mumbai,Books,South,1.0,1527.67,3.22,UPI,4.0,1.0,1478.479026
10671,2025-05-04 00:00:00.000000,1179,Neha,Ahmedabad,Sports,North,2.0,2145.23,0.51,Credit Card,3.0,2.0,4268.578654
10672,2025-05-05 00:00:00.000000,1222,Rohit,Pune,Books,East,1.0,1946.65,27.29,UPI,1.0,2.0,1415.4092150000001
10673,2025-05-06 00:00:00.000000,1137,Rahul,Hyderabad,Home & Kitchen,South,3.0,4391.93,8.09,Debit Card,10.0,3.0,12109.868589000002
10674,2025-05-06 00:00:00.000000,1249,Priya,Kolkata,Home & Kitchen,North,1.0,4535.97,24.59,Credit Card,8.0,4.0,3420.574977
10675,2025-05-07 00:00:00.000000,1146,Sneha,Pune,Books,Central,1.0,2515.49,29.98,Net Banking,5.0,4.0,1761.3460979999998
10676,2025-05-08 00:00:00.000000,1185,Rohit,Jaipur,Clothing,North,7.0,1717.76,6.34,Cash on Delivery,4.0,2.0,11261.978111999999
10677,2025-05-08 00:00:00.000000,1095,Amit,Pune,Clothing,North,2.0,623.32,7.96,Net Banking,10.0,4.0,1147.4074560000001
10678,2025-05-09 00:00:00.000000,1000,Pooja,Mumbai,Books,North,3.0,4771.67,19.89,Net Banking,5.0,4.0,11467.754511000001
10679,2025-05-10 00:00:00.000000,1247,Rahul,Ahmedabad,Sports,East,5.0,395.11,28.96,Cash on Delivery,4.0,4.0,1403.43072
10680,2025-05-11 00:00:00.000000,1068,Priya,Delhi,Beauty,North,7.0,1558.49,27.47,Cash on Delivery,3.0,5.0,7912.609579000001
10681,2025-05-11 00:00:00.000000,1236,Rahul,Kolkata,Clothing,East,5.0,1560.52,15.09,Cash on Delivery,5.0,2.0,6625.18766
10682,2025-05-12 00:00:00.000000,1003,Vishal,Mumbai,Electronics,Central,7.0,1669.97,23.85,Credit Card,4.0,2.0,8901.775085
10683,2025-05-13 00:00:00.000000,1015,Pooja,Chennai,Home & Kitchen,East,4.0,905.01,4.07,UPI,1.0,3.0,3472.704372
10684,2024-12-30 01:41:49.090909,1023,Sneha,Gurugram,Books,Central,7.0,3937.49,29.32,UPI,3.0,2.0,19481.125524
10685,2025-05-14 00:00:00.000000,1079,Rohit,Gurugram,Electronics,Central,6.0,700.24,28.93,Cash on Delivery,10.0,4.0,2985.9634080000005
10686,2025-05-15 00:00:00.000000,1246,Rohit,Kolkata,Books,East,1.0,3211.04,4.91,Net Banking,10.0,3.0,3053.377936
10687,2025-05-16 00:00:00.000000,1001,Rohit,Ahmedabad,Home & Kitchen,South,4.0,706.85,8.98,Debit Card,8.0,3.0,2573.49948
10688,2025-05-17 00:00:00.000000,1240,Pooja,Gurugram,Home & Kitchen,West,2.0,445.62,3.0,Cash on Delivery,7.0,2.0,864.5028
10689,2025-05-17 00:00:00.000000,1219,Amit,Mumbai,Clothing,North,5.0,4556.2,8.15,Net Banking,2.0,3.0,20924.3485
10690,2025-05-18 00:00:00.000000,1127,Neha,Jaipur,Clothing,West,7.0,1031.63,24.48,Net Banking,1.0,4.0,5453.608832000001
10691,2025-05-19 00:00:00.000000,1159,Anjali,Hyderabad,Electronics,North,1.0,4124.13,11.35,Credit Card,3.0,4.0,3656.0412450000003
10692,2025-05-19 00:00:00.000000,1218,Karan,Hyderabad,Books,North,2.0,2768.69,2.65,Credit Card,5.0,2.0,5390.63943
10693,2025-05-20 00:00:00.000000,1083,Priya,Pune,Home & Kitchen,Central,6.0,481.5,10.27,Credit Card,10.0,2.0,2592.2997
10694,2025-05-21 00:00:00.000000,1151,Amit,Bengaluru,Electronics,North,2.0,4781.7,29.44,UPI,11.0,1.0,6747.935039999999
10695,2025-05-22 00:00:00.000000,1139,Sneha,Delhi,Beauty,North,1.0,2473.755,18.89,Debit Card,1.0,1.0,2006.4626805
10696,2025-05-22 00:00:00.000000,1177,Priya,Kolkata,Electronics,East,6.0,4312.26,12.48,Debit Card,3.0,5.0,22644.539712
10697,2025-05-23 00:00:00.000000,1162,Rohit,Pune,Sports,West,2.0,927.17,5.0,Debit Card,3.0,1.0,1761.6229999999998
10698,2025-05-24 00:00:00.000000,1123,Rahul,Bengaluru,Electronics,East,6.0,4284.32,29.59,Debit Card,5.0,4.0,18099.538271999998
10699,2025-05-25 00:00:00.000000,1032,Sneha,Ahmedabad,Sports,North,7.0,164.82,24.63,Net Banking,3.0,5.0,869.573838
10700,2025-05-25 00:00:00.000000,1160,Priya,Chennai,Sports,Central,7.0,2607.72,8.44,Net Banking,9.0,2.0,16713.399024
10701,2025-05-26 00:00:00.000000,1188,Amit,Chennai,Sports,East,1.0,3870.27,2.1,UPI,1.0,3.0,3788.99433
10702,2025-05-27 00:00:00.000000,1178,Priya,Delhi,Beauty,East,1.0,4680.5,1.7,Credit Card,4.0,5.0,4600.9315
10703,2025-05-27 00:00:00.000000,1170,Rahul,Gurugram,Electronics,South,6.0,4555.09,3.61,Credit Card,10.0,5.0,26343.907506
10704,2025-05-28 00:00:00.000000,1100,Rohit,Mumbai,Electronics,North,3.0,4116.16,17.42,Credit Card,10.0,3.0,10197.374784
10705,2025-05-29 00:00:00.000000,1011,Neha,Pune,Beauty,Central,4.0,4452.14,27.86,Net Banking,4.0,4.0,12847.095184000002
10706,2025-05-30 00:00:00.000000,1066,Amit,Pune,Home & Kitchen,East,2.0,1076.18,14.9,Debit Card,1.0,5.0,1831.6583600000001
10707,2025-05-30 00:00:00.000000,1064,Vishal,Kolkata,Clothing,East,2.0,1492.5,25.29,Debit Card,2.0,3.0,2230.0935
10708,2025-05-31 00:00:00.000000,1160,Karan,Kolkata,Electronics,Central,3.0,1515.95,13.38,Credit Card,11.0,5.0,3939.34767
10709,2025-06-01 00:00:00.000000,1167,Pooja,Chennai,Clothing,North,3.0,1947.56,14.745000000000001,Credit Card,1.0,3.0,4981.176834000001
10710,2025-06-02 00:00:00.000000,1073,Karan,Chennai,Books,South,3.0,2027.27,21.96,Debit Card,6.0,4.0,4746.244524
10711,2025-06-02 00:00:00.000000,1042,Sneha,Jaipur,Books,East,5.0,2768.32,5.22,Credit Card,3.0,5.0,13119.06848
10712,2025-06-03 00:00:00.000000,1043,Karan,Jaipur,Beauty,South,5.0,883.41,10.84,Cash on Delivery,7.0,5.0,3938.24178
10713,2025-06-04 00:00:00.000000,1028,Rohit,Gurugram,Books,East,6.0,3487.11,19.12,Credit Card,5.0,3.0,16922.247408
10714,2025-06-05 00:00:00.000000,1140,Neha,Jaipur,Books,North,5.0,921.08,2.12,Credit Card,9.0,1.0,4507.765520000001
10715,2025-06-05 00:00:00.000000,1011,Vishal,Pune,Home & Kitchen,West,7.0,1620.51,10.85,Credit Card,7.0,4.0,10112.792655
10716,2025-06-06 00:00:00.000000,1094,Amit,Mumbai,Home & Kitchen,West,7.0,2566.39,16.04,Debit Card,4.0,3.0,15083.187308
10717,2025-06-07 00:00:00.000000,1045,Amit,Pune,Home & Kitchen,West,1.0,4002.56,29.89,UPI,5.0,4.0,2806.194816
10718,2025-06-07 00:00:00.000000,1129,Rahul,Hyderabad,Books,North,6.0,3723.4,14.24,Net Banking,5.0,5.0,19159.127040000003
10719,2025-06-08 00:00:00.000000,1242,Pooja,Mumbai,Beauty,North,2.0,3263.12,24.48,Credit Card,11.0,5.0,4928.616448
10720,2025-06-09 00:00:00.000000,1241,Priya,Bengaluru,Sports,Central,4.0,863.29,12.96,Credit Card,5.0,3.0,3005.630464
10721,2025-06-10 00:00:00.000000,1034,Neha,Chennai,Sports,South,1.0,2780.52,23.89,Credit Card,10.0,1.0,2116.253772
10722,2025-06-10 00:00:00.000000,1214,Priya,Kolkata,Clothing,South,2.0,528.49,17.86,UPI,9.0,3.0,868.2033720000001
10723,2025-06-11 00:00:00.000000,1080,Vishal,Jaipur,Sports,Central,2.0,1949.08,26.6,Cash on Delivery,10.0,4.0,2861.24944
10724,2025-06-12 00:00:00.000000,1089,Karan,Pune,Sports,Central,6.0,2126.23,12.33,Debit Card,3.0,4.0,11184.395046000001
10725,2025-06-13 00:00:00.000000,1007,Amit,Delhi,Home & Kitchen,West,3.0,295.08,18.13,UPI,6.0,4.0,724.745988
10726,2025-06-13 00:00:00.000000,1092,Vishal,Kolkata,Home & Kitchen,Central,3.0,1442.54,18.9,Credit Card,8.0,3.0,3509.6998200000003
10727,2025-06-14 00:00:00.000000,1153,Karan,Bengaluru,Books,East,1.0,4782.68,12.52,UPI,11.0,3.0,4183.888464000001
10728,2025-06-15 00:00:00.000000,1201,Amit,Jaipur,Clothing,South,3.0,4772.8,4.33,UPI,9.0,3.0,13698.41328
10729,2025-06-15 00:00:00.000000,1089,Karan,Bengaluru,Electronics,Central,4.0,1826.4,2.81,UPI,7.0,4.0,7100.31264
10730,2025-06-16 00:00:00.000000,1161,Pooja,Chennai,Clothing,East,3.0,311.19,0.5,Cash on Delivery,3.0,2.0,928.9021499999999
10731,2025-06-17 00:00:00.000000,1114,Neha,Chennai,Clothing,East,5.0,977.57,26.21,Net Banking,1.0,3.0,3606.7445150000003
10732,2025-06-18 00:00:00.000000,1104,Sneha,Gurugram,Beauty,East,3.0,2021.87,7.09,Debit Card,4.0,3.0,5635.5582509999995
10733,2025-06-18 00:00:00.000000,1134,Vishal,Pune,Books,East,2.0,4744.12,6.35,Cash on Delivery,6.0,4.0,8885.73676
10734,2025-06-19 00:00:00.000000,1195,Vishal,Kolkata,Beauty,West,6.0,791.88,14.745000000000001,Cash on Delivery,3.0,1.0,4050.703764
10735,2025-06-20 00:00:00.000000,1057,Anjali,Ahmedabad,Clothing,East,1.0,3841.23,9.6,Net Banking,1.0,5.0,3472.47192
10736,2025-06-21 00:00:00.000000,1244,Rohit,Ahmedabad,Clothing,West,4.0,632.54,15.18,Cash on Delivery,6.0,4.0,2146.081712
10737,2025-06-21 00:00:00.000000,1113,Pooja,Kolkata,Clothing,West,3.0,4908.16,4.88,UPI,1.0,4.0,14005.925376000001
10738,2025-06-22 00:00:00.000000,1236,Pooja,Delhi,Sports,East,7.0,1969.92,14.745000000000001,UPI,9.0,4.0,11756.187072
10739,2025-06-23 00:00:00.000000,1074,Priya,Pune,Beauty,South,4.0,3898.65,25.55,Credit Card,11.0,3.0,11610.179699999999
10740,2025-06-24 00:00:00.000000,1156,Karan,Bengaluru,Clothing,East,2.0,1778.7,25.91,Cash on Delivery,1.0,3.0,2635.6776600000003
10741,2025-06-24 00:00:00.000000,1119,Rohit,Delhi,Home & Kitchen,East,4.0,3175.58,12.2,Credit Card,6.0,5.0,11152.63696
10742,2025-06-25 00:00:00.000000,1163,Neha,Hyderabad,Books,East,4.0,1040.88,22.87,Debit Card,1.0,4.0,3211.3229760000004
10743,2025-06-26 00:00:00.000000,1216,Neha,Kolkata,Books,South,5.0,815.5,4.32,UPI,7.0,5.0,3901.352
10744,2025-06-26 00:00:00.000000,1020,Pooja,Bengaluru,Home & Kitchen,North,4.0,4696.51,0.26,Debit Card,3.0,4.0,18737.196296
10745,2024-12-30 01:41:49.090909,1248,Neha,Ahmedabad,Books,North,7.0,4596.47,0.6,Net Banking,6.0,2.0,31982.238260000002
10746,2025-06-28 00:00:00.000000,1163,Anjali,Mumbai,Sports,West,6.0,4448.6,17.6,UPI,6.0,1.0,21993.8784
10747,2025-06-29 00:00:00.000000,1137,Vishal,Gurugram,Sports,West,2.0,3164.62,13.66,Debit Card,1.0,4.0,5464.665816
10748,2025-06-29 00:00:00.000000,1100,Rahul,Ahmedabad,Electronics,South,2.0,4060.51,15.54,Net Banking,1.0,3.0,6859.013492000001
10749,2025-06-30 00:00:00.000000,1200,Sneha,Pune,Electronics,Central,3.0,438.28,0.22,Debit Card,5.0,3.0,1311.947352
10750,2025-07-01 00:00:00.000000,1151,Priya,Chennai,Electronics,North,3.0,1740.47,12.68,Net Banking,6.0,5.0,4559.335212
10751,2025-07-02 00:00:00.000000,1191,Amit,Mumbai,Books,West,3.0,2473.755,21.54,Net Banking,9.0,3.0,5822.724519
10752,2025-07-02 00:00:00.000000,1226,Sneha,Gurugram,Sports,North,7.0,2473.755,13.28,UPI,1.0,3.0,15016.682352
10753,2025-07-03 00:00:00.000000,1176,Karan,Gurugram,Sports,South,7.0,1844.19,14.745000000000001,Credit Card,6.0,5.0,11005.8492915
10754,2025-07-04 00:00:00.000000,1098,Amit,Hyderabad,Sports,South,7.0,827.68,6.99,Net Banking,10.0,5.0,5388.776175999999
10755,2025-07-04 00:00:00.000000,1239,Sneha,Hyderabad,Home & Kitchen,Central,7.0,3022.69,24.39,Net Banking,8.0,3.0,15998.191363000002
10756,2025-07-05 00:00:00.000000,1035,Rahul,Jaipur,Sports,Central,7.0,4090.48,17.65,UPI,10.0,5.0,23579.57196
10757,2025-07-06 00:00:00.000000,1209,Amit,Ahmedabad,Home & Kitchen,South,7.0,1972.41,6.32,Credit Card,9.0,5.0,12934.275816
10758,2025-07-07 00:00:00.000000,1240,Anjali,Ahmedabad,Electronics,East,6.0,748.12,7.1,Cash on Delivery,3.0,3.0,4170.02088
10759,2025-07-07 00:00:00.000000,1230,Vishal,Ahmedabad,Electronics,North,7.0,1063.77,18.84,Cash on Delivery,11.0,1.0,6043.490123999999
10760,2025-07-08 00:00:00.000000,1095,Vishal,Jaipur,Books,East,4.0,1263.67,24.9,Credit Card,2.0,1.0,3796.0646800000004
10761,2025-07-09 00:00:00.000000,1151,Anjali,Delhi,Electronics,Central,4.0,1569.5,14.745000000000001,Debit Card,4.0,4.0,5352.3089
10762,2025-07-10 00:00:00.000000,1150,Rohit,Gurugram,Books,East,5.0,3249.7,7.75,UPI,2.0,3.0,14989.24125
10763,2025-07-10 00:00:00.000000,1189,Amit,Mumbai,Clothing,West,6.0,3044.63,26.01,Credit Card,1.0,5.0,13516.330421999999
10764,2025-07-11 00:00:00.000000,1223,Karan,Pune,Clothing,Central,3.0,3510.79,20.08,Cash on Delivery,3.0,4.0,8417.470104
10765,2025-07-12 00:00:00.000000,1036,Rahul,Gurugram,Beauty,East,1.0,1876.26,13.44,Net Banking,7.0,4.0,1624.090656
10766,2025-07-13 00:00:00.000000,1011,Neha,Hyderabad,Books,West,7.0,4137.59,14.64,Cash on Delivery,1.0,5.0,24722.927768
10767,2025-07-13 00:00:00.000000,1112,Sneha,Bengaluru,Beauty,North,5.0,1100.03,6.13,Net Banking,2.0,5.0,5162.990804999999
10768,2025-07-14 00:00:00.000000,1182,Amit,Chennai,Beauty,West,1.0,2398.3,18.8,Credit Card,1.0,3.0,1947.4196000000002
10769,2025-07-15 00:00:00.000000,1012,Sneha,Jaipur,Clothing,Central,4.0,4024.6,10.76,Net Banking,8.0,2.0,14366.21216
10770,2025-07-15 00:00:00.000000,1022,Rahul,Kolkata,Books,South,5.0,982.78,29.87,Credit Card,5.0,4.0,3446.11807
10771,2025-07-16 00:00:00.000000,1216,Amit,Bengaluru,Clothing,North,5.0,638.33,14.41,Net Banking,8.0,3.0,2731.733235
10772,2025-07-17 00:00:00.000000,1098,Priya,Pune,Beauty,East,2.0,4430.05,14.58,Debit Card,3.0,3.0,7568.29742
10773,2025-07-18 00:00:00.000000,1104,Amit,Ahmedabad,Books,Central,4.0,1780.36,16.98,Credit Card,7.0,4.0,5912.219488
10774,2025-07-18 00:00:00.000000,1029,Pooja,Hyderabad,Beauty,South,4.0,3450.96,27.5,UPI,8.0,5.0,10007.784
10775,2025-07-19 00:00:00.000000,1016,Rahul,Hyderabad,Sports,West,6.0,224.21,24.02,Credit Card,6.0,3.0,1022.128548
10776,2025-07-20 00:00:00.000000,1112,Rahul,Hyderabad,Books,South,5.0,3481.23,13.53,Debit Card,7.0,4.0,15051.097905000002
10777,2025-07-21 00:00:00.000000,1061,Anjali,Ahmedabad,Books,Central,4.0,1648.9,21.56,UPI,2.0,3.0,5173.58864
10778,2025-07-21 00:00:00.000000,1083,Pooja,Kolkata,Beauty,Central,4.0,373.13,17.59,Cash on Delivery,8.0,4.0,1229.985732
10779,2025-07-22 00:00:00.000000,1111,Karan,Jaipur,Sports,South,5.0,3088.08,14.77,Debit Card,5.0,1.0,13159.852920000001
10780,2025-07-23 00:00:00.000000,1216,Karan,Pune,Home & Kitchen,West,6.0,1279.94,5.77,UPI,7.0,5.0,7236.524772000001
10781,2025-07-23 00:00:00.000000,1085,Neha,Ahmedabad,Clothing,South,7.0,1995.36,13.92,Net Banking,1.0,1.0,12023.241215999999
10782,2025-07-24 00:00:00.000000,1140,Vishal,Pune,Beauty,Central,6.0,494.85,7.37,Credit Card,5.0,4.0,2750.2773300000003
10783,2025-07-25 00:00:00.000000,1186,Priya,Jaipur,Books,Central,2.0,821.1,27.45,UPI,1.0,1.0,1191.4161000000001
10784,2025-07-26 00:00:00.000000,1018,Karan,Pune,Clothing,East,7.0,1560.09,10.06,Credit Card,8.0,3.0,9822.014621999999
10785,2025-07-26 00:00:00.000000,1176,Pooja,Jaipur,Clothing,East,5.0,539.82,28.57,Net Banking,4.0,3.0,1927.96713
10786,2025-07-27 00:00:00.000000,1099,Rahul,Kolkata,Clothing,North,4.0,4563.05,15.99,UPI,4.0,3.0,15333.67322
10787,2025-07-28 00:00:00.000000,1139,Karan,Chennai,Home & Kitchen,Central,4.0,129.63,18.95,Cash on Delivery,2.0,3.0,420.26045999999997
10788,2025-07-29 00:00:00.000000,1188,Rahul,Pune,Electronics,East,5.0,2470.92,16.29,Debit Card,5.0,3.0,10342.03566
10789,2025-07-29 00:00:00.000000,1232,Karan,Ahmedabad,Beauty,South,5.0,703.91,3.88,UPI,1.0,4.0,3382.9914599999997
10790,2025-07-30 00:00:00.000000,1146,Priya,Jaipur,Beauty,West,5.0,1607.63,11.27,Net Banking,9.0,4.0,7132.250495
10791,2025-07-31 00:00:00.000000,1075,Sneha,Hyderabad,Electronics,South,3.0,4637.69,2.97,UPI,5.0,1.0,13499.851821
10792,2025-08-01 00:00:00.000000,1008,Karan,Gurugram,Electronics,West,7.0,892.3,18.69,Credit Card,6.0,4.0,5078.703909999999
10793,2025-08-01 00:00:00.000000,1198,Pooja,Hyderabad,Clothing,East,4.0,4832.58,13.41,UPI,2.0,1.0,16738.124088
10794,2025-08-02 00:00:00.000000,1027,Karan,Delhi,Sports,North,7.0,1108.39,23.34,Cash on Delivery,10.0,4.0,5947.842418
10795,2025-08-03 00:00:00.000000,1205,Vishal,Chennai,Clothing,South,6.0,3733.67,6.61,UPI,6.0,3.0,20921.246478
10796,2025-08-03 00:00:00.000000,1222,Priya,Chennai,Clothing,South,4.0,2778.72,4.94,Debit Card,1.0,4.0,10565.804928
10797,2025-08-04 00:00:00.000000,1127,Pooja,Pune,Books,South,3.0,4433.95,12.19,UPI,4.0,3.0,11680.354484999998
10798,2025-08-05 00:00:00.000000,1051,Anjali,Bengaluru,Books,West,5.0,2814.57,27.8,Credit Card,7.0,5.0,10160.5977
10799,2025-08-06 00:00:00.000000,1082,Pooja,Kolkata,Electronics,East,2.0,2719.34,21.31,UPI,6.0,3.0,4279.697292000001
10800,2025-08-06 00:00:00.000000,1249,Vishal,Pune,Beauty,South,5.0,1057.74,12.57,Cash on Delivery,10.0,3.0,4623.9104099999995
10801,2024-12-30 01:41:49.090909,1110,Sneha,Ahmedabad,Electronics,South,5.0,914.52,15.52,Net Banking,1.0,3.0,3862.9324800000004
10802,2025-08-08 00:00:00.000000,1143,Priya,Chennai,Books,North,3.0,4590.8,2.53,UPI,1.0,5.0,13423.95828
10803,2025-08-09 00:00:00.000000,1116,Anjali,Hyderabad,Sports,North,7.0,1706.41,29.54,UPI,8.0,4.0,8416.355402000001
10804,2025-08-09 00:00:00.000000,1068,Vishal,Hyderabad,Beauty,East,4.0,1923.2,19.99,Credit Card,4.0,4.0,6155.00928
10805,2025-08-10 00:00:00.000000,1098,Vishal,Kolkata,Electronics,East,5.0,3823.14,8.56,Cash on Delivery,5.0,5.0,17479.396080000002
10806,2025-08-11 00:00:00.000000,1139,Amit,Kolkata,Sports,Central,4.0,1760.24,17.57,Net Banking,7.0,5.0,5803.863328
10807,2025-08-11 00:00:00.000000,1024,Priya,Mumbai,Beauty,North,1.0,4765.11,3.28,Credit Card,8.0,4.0,4608.814392
10808,2025-08-12 00:00:00.000000,1179,Pooja,Mumbai,Home & Kitchen,Central,6.0,3715.85,28.98,UPI,10.0,2.0,15833.980019999997
10809,2025-08-13 00:00:00.000000,1122,Rahul,Bengaluru,Electronics,West,7.0,3027.4,5.24,Net Banking,7.0,5.0,20081.34968
10810,2025-08-14 00:00:00.000000,1212,Sneha,Bengaluru,Electronics,Central,4.0,4416.39,19.44,Credit Card,2.0,2.0,14231.375136
10811,2025-08-14 00:00:00.000000,1227,Rahul,Delhi,Home & Kitchen,South,2.0,343.07,7.36,Cash on Delivery,4.0,4.0,635.640096
10812,2025-08-15 00:00:00.000000,1052,Pooja,Bengaluru,Home & Kitchen,Central,6.0,1359.61,21.53,Cash on Delivery,10.0,4.0,6401.315801999999
10813,2025-08-16 00:00:00.000000,1150,Pooja,Jaipur,Electronics,East,2.0,2378.68,23.3,Net Banking,1.0,4.0,3648.8951199999997
10814,2025-08-17 00:00:00.000000,1143,Priya,Kolkata,Home & Kitchen,West,5.0,1212.19,20.2,Credit Card,10.0,4.0,4836.638100000001
10815,2025-08-17 00:00:00.000000,1056,Pooja,Ahmedabad,Clothing,South,6.0,3745.14,18.43,Cash on Delivery,9.0,4.0,18329.464187999998
10816,2025-08-18 00:00:00.000000,1038,Amit,Jaipur,Beauty,Central,4.0,4604.12,26.77,Net Banking,3.0,5.0,13486.388303999998
10817,2025-08-19 00:00:00.000000,1108,Anjali,Pune,Beauty,West,6.0,2176.47,2.36,Cash on Delivery,3.0,2.0,12750.631848
10818,2025-08-20 00:00:00.000000,1180,Pooja,Hyderabad,Beauty,West,5.0,1776.45,9.93,Cash on Delivery,10.0,3.0,8000.242575
10819,2025-08-20 00:00:00.000000,1041,Rahul,Bengaluru,Clothing,South,3.0,4811.6,7.45,Cash on Delivery,9.0,4.0,13359.4074
10820,2025-08-21 00:00:00.000000,1185,Pooja,Hyderabad,Home & Kitchen,Central,7.0,2279.78,29.64,Debit Card,10.0,5.0,11228.372456000001
10821,2025-08-22 00:00:00.000000,1166,Amit,Chennai,Sports,West,2.0,2496.34,11.68,Credit Card,3.0,2.0,4409.534976
10822,2025-08-22 00:00:00.000000,1141,Karan,Delhi,Home & Kitchen,West,5.0,1823.08,21.98,Net Banking,8.0,1.0,7111.83508
10823,2025-08-23 00:00:00.000000,1222,Karan,Chennai,Electronics,North,3.0,4556.79,20.54,Net Banking,2.0,1.0,10862.476002
10824,2025-08-24 00:00:00.000000,1121,Vishal,Delhi,Books,West,6.0,2887.88,6.36,Credit Card,3.0,1.0,16225.264991999999
10825,2025-08-25 00:00:00.000000,1132,Sneha,Mumbai,Beauty,North,6.0,3834.66,7.17,Credit Card,2.0,5.0,21358.289268
10826,2025-08-25 00:00:00.000000,1162,Neha,Hyderabad,Home & Kitchen,Central,5.0,4077.85,8.44,Credit Card,1.0,4.0,18668.3973
10827,2025-08-26 00:00:00.000000,1214,Anjali,Delhi,Sports,Central,4.0,1775.06,12.33,Credit Card,2.0,4.0,6224.780408
10828,2025-08-27 00:00:00.000000,1220,Rohit,Gurugram,Electronics,Central,6.0,2225.1,7.03,UPI,8.0,4.0,12412.052819999999
10829,2025-08-28 00:00:00.000000,1234,Vishal,Jaipur,Clothing,East,4.0,4257.51,0.59,Net Banking,9.0,4.0,16929.562764000002
10830,2025-08-28 00:00:00.000000,1074,Sneha,Delhi,Clothing,Central,4.0,1879.95,26.38,Credit Card,2.0,2.0,5536.07676
10831,2025-08-29 00:00:00.000000,1145,Amit,Delhi,Sports,West,7.0,3990.28,28.97,Cash on Delivery,7.0,3.0,19840.071188
10832,2025-08-30 00:00:00.000000,1238,Rahul,Jaipur,Electronics,South,4.0,4710.86,10.25,Cash on Delivery,5.0,3.0,16911.987399999998
10833,2025-08-30 00:00:00.000000,1075,Rohit,Hyderabad,Beauty,North,1.0,3153.73,10.16,Net Banking,3.0,2.0,2833.311032
10834,2025-08-31 00:00:00.000000,1008,Sneha,Hyderabad,Beauty,East,7.0,3733.97,0.21,Cash on Delivery,9.0,3.0,26082.900640999997
10835,2025-09-01 00:00:00.000000,1073,Sneha,Jaipur,Electronics,Central,3.0,4044.98,20.41,Credit Card,6.0,3.0,9658.198746000002
10836,2025-09-02 00:00:00.000000,1185,Vishal,Chennai,Clothing,Central,3.0,4240.69,24.76,UPI,11.0,1.0,9572.085468
10837,2024-12-30 01:41:49.090909,1235,Rohit,Gurugram,Sports,South,6.0,2035.76,4.4,Credit Card,1.0,2.0,11677.119359999999
10838,2025-09-03 00:00:00.000000,1144,Priya,Ahmedabad,Sports,South,6.0,2473.755,4.79,Cash on Delivery,5.0,4.0,14131.572813
10839,2025-09-04 00:00:00.000000,1229,Neha,Pune,Home & Kitchen,East,4.0,2069.19,23.7,UPI,7.0,1.0,6315.16788
10840,2025-09-05 00:00:00.000000,1006,Priya,Gurugram,Sports,North,7.0,3401.41,18.49,Credit Card,4.0,5.0,19407.425037
10841,2025-09-05 00:00:00.000000,1173,Rohit,Hyderabad,Sports,Central,7.0,2306.72,1.35,Net Banking,8.0,2.0,15929.05496
10842,2025-09-06 00:00:00.000000,1140,Priya,Ahmedabad,Electronics,East,1.0,3769.92,18.68,Credit Card,10.0,4.0,3065.698944
10843,2025-09-07 00:00:00.000000,1167,Amit,Mumbai,Beauty,West,4.0,1849.21,9.27,Cash on Delivery,5.0,5.0,6711.152932
10844,2025-09-08 00:00:00.000000,1169,Karan,Bengaluru,Home & Kitchen,West,1.0,3210.25,11.06,UPI,9.0,5.0,2855.1963499999997
10845,2025-09-08 00:00:00.000000,1136,Amit,Delhi,Electronics,East,4.0,1013.46,23.09,Net Banking,9.0,5.0,3117.808344
10846,2025-09-09 00:00:00.000000,1177,Pooja,Jaipur,Beauty,Central,2.0,3771.91,24.33,UPI,9.0,3.0,5708.408594
10847,2025-09-10 00:00:00.000000,1026,Priya,Jaipur,Electronics,East,2.0,2773.91,12.01,Net Banking,1.0,3.0,4881.526818
10848,2025-09-10 00:00:00.000000,1121,Pooja,Delhi,Books,Central,5.0,1099.92,28.41,UPI,2.0,3.0,3937.16364
10849,2024-12-30 01:41:49.090909,1193,Rahul,Bengaluru,Electronics,South,4.0,1530.36,12.19,Cash on Delivery,3.0,2.0,5375.236464
10850,2025-09-12 00:00:00.000000,1004,Anjali,Pune,Sports,East,7.0,3768.18,23.16,Net Banking,4.0,1.0,20268.286583999998
10851,2025-09-13 00:00:00.000000,1028,Amit,Bengaluru,Beauty,Central,6.0,2464.75,14.52,Debit Card,10.0,5.0,12641.2098
10852,2025-09-13 00:00:00.000000,1164,Rohit,Ahmedabad,Home & Kitchen,East,3.0,1158.55,26.93,UPI,9.0,4.0,2539.6574549999996
10853,2025-09-14 00:00:00.000000,1165,Sneha,Bengaluru,Home & Kitchen,East,5.0,4839.63,27.23,UPI,10.0,4.0,17608.993755000003
10854,2025-09-15 00:00:00.000000,1082,Karan,Ahmedabad,Beauty,Central,6.0,3604.11,2.62,Credit Card,6.0,5.0,21058.093908
10855,2025-09-16 00:00:00.000000,1135,Priya,Bengaluru,Sports,Central,2.0,4789.96,28.09,Net Banking,1.0,4.0,6888.920472000001
10856,2025-09-16 00:00:00.000000,1239,Vishal,Pune,Clothing,North,4.0,2192.81,24.77,Debit Card,9.0,4.0,6598.603851999999
10857,2025-09-17 00:00:00.000000,1108,Anjali,Pune,Electronics,East,5.0,2427.99,23.74,Cash on Delivery,6.0,4.0,9257.92587
10858,2025-09-18 00:00:00.000000,1064,Neha,Hyderabad,Sports,East,4.0,4499.98,6.03,Credit Card,4.0,2.0,16914.524823999996
10859,2025-09-18 00:00:00.000000,1085,Neha,Delhi,Books,East,2.0,2672.74,24.15,Debit Card,4.0,3.0,4054.5465799999993
10860,2025-09-19 00:00:00.000000,1243,Neha,Pune,Beauty,East,5.0,3565.67,25.5,Net Banking,3.0,5.0,13282.120749999998
10861,2025-09-20 00:00:00.000000,1144,Priya,Ahmedabad,Electronics,Central,2.0,1335.65,8.67,Debit Card,7.0,5.0,2439.6982900000003
10862,2025-09-21 00:00:00.000000,1070,Neha,Pune,Home & Kitchen,East,1.0,2288.96,28.57,UPI,3.0,5.0,1635.0041279999998
10863,2025-09-21 00:00:00.000000,1216,Amit,Hyderabad,Clothing,East,2.0,704.9,1.5,UPI,2.0,3.0,1388.653
10864,2025-09-22 00:00:00.000000,1044,Anjali,Jaipur,Books,West,7.0,1109.3,4.5,Credit Card,10.0,5.0,7415.670499999999
10865,2025-09-23 00:00:00.000000,1131,Amit,Ahmedabad,Home & Kitchen,Central,7.0,104.62,16.13,Net Banking,8.0,1.0,614.213558
10866,2025-09-24 00:00:00.000000,1035,Sneha,Hyderabad,Beauty,East,4.0,292.4,17.27,Net Banking,4.0,2.0,967.6100799999999
10867,2025-09-24 00:00:00.000000,1069,Anjali,Chennai,Electronics,South,3.0,4888.69,19.35,Debit Card,8.0,3.0,11828.185454999999
10868,2025-09-25 00:00:00.000000,1158,Amit,Chennai,Beauty,North,2.0,1287.53,0.51,Credit Card,1.0,3.0,2561.927194
10869,2025-09-26 00:00:00.000000,1018,Amit,Mumbai,Electronics,West,6.0,3350.22,28.81,Net Banking,5.0,3.0,14310.129707999999
10870,2025-09-27 00:00:00.000000,1188,Sneha,Bengaluru,Sports,East,7.0,4211.59,1.34,UPI,9.0,3.0,29086.082858
10871,2025-09-27 00:00:00.000000,1107,Pooja,Delhi,Clothing,South,3.0,2798.24,4.29,Debit Card,1.0,2.0,8034.586511999999
10872,2025-09-28 00:00:00.000000,1181,Priya,Kolkata,Sports,East,1.0,850.41,0.42,Cash on Delivery,6.0,3.0,846.838278
10873,2025-09-29 00:00:00.000000,1166,Priya,Gurugram,Sports,East,5.0,3667.77,17.01,UPI,4.0,4.0,15219.411614999999
10874,2025-09-29 00:00:00.000000,1090,Neha,Hyderabad,Beauty,Central,5.0,3041.23,27.97,Credit Card,6.0,4.0,10952.989844999998
10875,2025-09-30 00:00:00.000000,1201,Rahul,Jaipur,Clothing,Central,7.0,3683.13,19.98,Net Banking,10.0,2.0,20630.684382
10876,2025-10-01 00:00:00.000000,1089,Neha,Gurugram,Electronics,Central,3.0,3871.76,14.745000000000001,UPI,8.0,3.0,9902.606964
10877,2025-10-02 00:00:00.000000,1018,Rohit,Jaipur,Electronics,South,7.0,4879.51,0.4,Cash on Delivery,3.0,4.0,34019.94372
10878,2025-10-02 00:00:00.000000,1038,Amit,Gurugram,Books,East,5.0,2910.46,16.26,Cash on Delivery,5.0,4.0,12186.096019999999
10879,2025-10-03 00:00:00.000000,1125,Anjali,Hyderabad,Home & Kitchen,North,2.0,1774.04,13.79,Credit Card,7.0,3.0,3058.799768
10880,2025-10-04 00:00:00.000000,1194,Rahul,Pune,Books,West,3.0,3277.48,14.97,UPI,1.0,4.0,8360.523732000001
10881,2025-10-05 00:00:00.000000,1172,Sneha,Gurugram,Books,Central,4.0,435.36,2.17,Debit Card,6.0,5.0,1703.650752
10882,2025-10-05 00:00:00.000000,1140,Rohit,Hyderabad,Electronics,Central,2.0,4497.25,20.53,UPI,11.0,2.0,7147.92915
10883,2025-10-06 00:00:00.000000,1241,Sneha,Pune,Beauty,East,2.0,684.97,15.1,Cash on Delivery,8.0,3.0,1163.07906
10884,2025-10-07 00:00:00.000000,1219,Priya,Kolkata,Sports,East,2.0,1706.43,22.95,Credit Card,8.0,3.0,2629.60863
10885,2025-10-07 00:00:00.000000,1125,Priya,Ahmedabad,Sports,South,4.0,4097.15,14.56,Credit Card,9.0,4.0,14002.419839999999
10886,2025-10-08 00:00:00.000000,1057,Neha,Jaipur,Sports,South,1.0,3026.83,4.48,Debit Card,6.0,2.0,2891.228016
10887,2025-10-09 00:00:00.000000,1147,Amit,Chennai,Clothing,Central,6.0,2028.81,19.45,Credit Card,6.0,3.0,9805.238730000001
10888,2025-10-10 00:00:00.000000,1219,Rahul,Bengaluru,Electronics,East,7.0,2419.83,5.17,Credit Card,2.0,3.0,16063.073523
10889,2025-10-10 00:00:00.000000,1199,Karan,Chennai,Beauty,North,5.0,4287.28,26.17,Credit Card,6.0,5.0,15826.494119999998
10890,2025-10-11 00:00:00.000000,1060,Rohit,Kolkata,Clothing,West,7.0,1766.02,18.39,Credit Card,4.0,4.0,10088.742454
10891,2025-10-12 00:00:00.000000,1126,Rohit,Ahmedabad,Home & Kitchen,East,3.0,4361.28,14.745000000000001,Credit Card,4.0,4.0,11154.627792000001
10892,2025-10-13 00:00:00.000000,1104,Neha,Jaipur,Beauty,East,1.0,531.86,28.87,Cash on Delivery,8.0,5.0,378.312018
10893,2025-10-13 00:00:00.000000,1166,Priya,Ahmedabad,Books,South,3.0,3906.31,15.55,UPI,1.0,3.0,9896.636385
10894,2025-10-14 00:00:00.000000,1000,Neha,Gurugram,Beauty,West,7.0,2473.755,2.19,Net Banking,10.0,5.0,16937.0583585
10895,2025-10-15 00:00:00.000000,1130,Anjali,Jaipur,Beauty,Central,5.0,990.91,18.8,Credit Card,4.0,4.0,4023.0946000000004
10896,2025-10-16 00:00:00.000000,1204,Rahul,Gurugram,Sports,East,4.0,2208.7,7.6,Net Banking,11.0,3.0,8163.3552
10897,2025-10-16 00:00:00.000000,1091,Amit,Hyderabad,Beauty,Central,7.0,910.95,24.11,Net Banking,11.0,5.0,4839.2396850000005
10898,2025-10-17 00:00:00.000000,1189,Pooja,Kolkata,Books,East,2.0,3562.36,24.53,Cash on Delivery,11.0,5.0,5377.026183999999
10899,2025-10-18 00:00:00.000000,1248,Vishal,Pune,Books,Central,7.0,2723.2,29.37,Credit Card,4.0,5.0,13463.773119999996
10900,2025-10-18 00:00:00.000000,1190,Vishal,Mumbai,Electronics,West,2.0,2473.755,15.06,Net Banking,1.0,2.0,4202.414994
10901,2025-10-19 00:00:00.000000,1112,Neha,Ahmedabad,Beauty,South,4.0,1062.79,13.65,Credit Card,3.0,5.0,3670.8766599999994
10902,2025-10-20 00:00:00.000000,1152,Anjali,Gurugram,Sports,West,7.0,1137.55,22.6,Debit Card,5.0,5.0,6163.2459
10903,2025-10-21 00:00:00.000000,1055,Rahul,Pune,Beauty,North,1.0,303.34,3.97,Debit Card,6.0,3.0,291.297402
10904,2025-10-21 00:00:00.000000,1160,Karan,Hyderabad,Home & Kitchen,South,1.0,1678.13,16.41,Debit Card,9.0,1.0,1402.748867
10905,2025-10-22 00:00:00.000000,1165,Vishal,Mumbai,Home & Kitchen,West,3.0,2842.75,16.39,Net Banking,9.0,2.0,7130.469824999999
10906,2025-10-23 00:00:00.000000,1116,Amit,Delhi,Sports,North,4.0,4303.88,2.68,Debit Card,9.0,5.0,16754.144064
10907,2025-10-24 00:00:00.000000,1133,Amit,Chennai,Electronics,East,1.0,3367.94,12.54,Cash on Delivery,11.0,4.0,2945.600324
10908,2025-10-24 00:00:00.000000,1057,Sneha,Jaipur,Electronics,East,7.0,2233.44,25.6,Cash on Delivery,1.0,3.0,11631.75552
10909,2025-10-25 00:00:00.000000,1043,Anjali,Mumbai,Books,Central,4.0,4770.29,25.68,Net Banking,9.0,3.0,14181.118112000002
10910,2025-10-26 00:00:00.000000,1172,Priya,Kolkata,Books,South,5.0,3624.3,2.98,Credit Card,8.0,3.0,17581.4793
10911,2025-10-26 00:00:00.000000,1159,Rahul,Hyderabad,Clothing,East,2.0,4657.81,2.72,UPI,2.0,4.0,9062.235136000001
10912,2025-10-27 00:00:00.000000,1172,Amit,Kolkata,Sports,South,7.0,2685.18,14.745000000000001,Credit Card,11.0,3.0,16024.751462999999
10913,2025-10-28 00:00:00.000000,1060,Karan,Chennai,Beauty,East,2.0,1368.63,26.24,Credit Card,1.0,5.0,2019.0029760000002
10914,2025-10-29 00:00:00.000000,1046,Pooja,Pune,Sports,Central,2.0,358.85,3.87,Credit Card,1.0,4.0,689.92501
10915,2025-10-29 00:00:00.000000,1148,Priya,Ahmedabad,Clothing,West,4.0,3657.82,21.6,Credit Card,6.0,4.0,11470.92352
10916,2025-10-30 00:00:00.000000,1079,Pooja,Pune,Books,Central,4.0,694.38,3.03,UPI,9.0,3.0,2693.361144
10917,2025-10-31 00:00:00.000000,1117,Karan,Kolkata,Sports,North,3.0,1583.6,18.69,Debit Card,7.0,1.0,3862.8754799999992
10918,2025-11-01 00:00:00.000000,1212,Amit,Gurugram,Sports,East,2.0,2709.11,10.68,Credit Card,5.0,3.0,4839.554104
10919,2025-11-01 00:00:00.000000,1202,Vishal,Pune,Books,North,3.0,2865.64,23.67,Cash on Delivery,11.0,3.0,6562.029036
10920,2025-11-02 00:00:00.000000,1228,Pooja,Ahmedabad,Clothing,North,2.0,3042.86,7.01,Net Banking,2.0,2.0,5659.111028
10921,2025-11-03 00:00:00.000000,1163,Priya,Pune,Books,South,3.0,914.65,19.18,Net Banking,1.0,5.0,2217.66039
10922,2025-11-04 00:00:00.000000,1226,Neha,Mumbai,Electronics,East,3.0,1960.71,7.07,Cash on Delivery,2.0,3.0,5466.263409
10923,2025-11-04 00:00:00.000000,1146,Rohit,Pune,Beauty,North,5.0,3124.25,21.41,Credit Card,6.0,2.0,12276.740375000001
10924,2025-11-05 00:00:00.000000,1019,Rahul,Bengaluru,Books,West,3.0,4852.11,26.21,UPI,3.0,2.0,10741.115907
10925,2025-11-06 00:00:00.000000,1184,Vishal,Chennai,Clothing,North,4.0,3665.39,3.8,Debit Card,6.0,3.0,14104.420719999998
10926,2025-11-06 00:00:00.000000,1145,Pooja,Ahmedabad,Home & Kitchen,West,3.0,4620.76,26.0,Credit Card,8.0,5.0,10258.0872
10927,2025-11-07 00:00:00.000000,1046,Sneha,Pune,Electronics,South,2.0,3834.84,17.81,Debit Card,3.0,3.0,6303.709992000001
10928,2025-11-08 00:00:00.000000,1232,Rahul,Kolkata,Home & Kitchen,North,3.0,2999.41,3.81,UPI,10.0,3.0,8655.397437
10929,2025-11-09 00:00:00.000000,1048,Neha,Delhi,Books,Central,1.0,1040.91,12.83,Net Banking,9.0,4.0,907.361247
10930,2025-11-09 00:00:00.000000,1013,Karan,Bengaluru,Electronics,South,6.0,3366.76,4.83,Debit Card,6.0,3.0,19224.872952
10931,2025-11-10 00:00:00.000000,1142,Rohit,Bengaluru,Beauty,West,2.0,3154.56,21.01,UPI,5.0,2.0,4983.573888
10932,2025-11-11 00:00:00.000000,1158,Amit,Gurugram,Books,South,1.0,3052.1,22.77,Debit Card,7.0,2.0,2357.13683
10933,2025-11-12 00:00:00.000000,1000,Neha,Pune,Beauty,North,2.0,2499.95,3.17,Credit Card,8.0,3.0,4841.40317
10934,2025-11-12 00:00:00.000000,1116,Neha,Gurugram,Sports,East,4.0,2690.42,15.18,UPI,3.0,2.0,9128.056976000002
10935,2025-11-13 00:00:00.000000,1053,Karan,Gurugram,Home & Kitchen,East,6.0,1738.77,24.44,Debit Card,2.0,1.0,7882.887672
10936,2025-11-14 00:00:00.000000,1117,Anjali,Delhi,Electronics,West,6.0,2644.63,28.08,Credit Card,2.0,5.0,11412.107376000002
10937,2025-11-14 00:00:00.000000,1002,Karan,Mumbai,Beauty,West,4.0,1068.02,15.41,Credit Card,5.0,2.0,3613.7524719999997
10938,2025-11-15 00:00:00.000000,1143,Amit,Pune,Clothing,East,6.0,4045.35,28.51,UPI,1.0,4.0,17352.12429
10939,2025-11-16 00:00:00.000000,1214,Anjali,Hyderabad,Beauty,West,4.0,1010.31,16.07,Cash on Delivery,2.0,3.0,3391.8127319999994
10940,2025-11-17 00:00:00.000000,1184,Vishal,Ahmedabad,Clothing,South,1.0,516.33,11.83,Net Banking,9.0,4.0,455.24816100000004
10941,2025-11-17 00:00:00.000000,1202,Vishal,Gurugram,Books,Central,5.0,2237.61,25.45,UPI,7.0,3.0,8340.691275000001
10942,2025-11-18 00:00:00.000000,1011,Priya,Chennai,Electronics,Central,2.0,3325.71,14.79,Credit Card,6.0,2.0,5667.6749819999995
10943,2025-11-19 00:00:00.000000,1073,Pooja,Jaipur,Beauty,South,4.0,2244.81,14.16,Credit Card,9.0,4.0,7707.779616000001
10944,2025-11-20 00:00:00.000000,1223,Pooja,Chennai,Beauty,Central,2.0,1456.1,14.71,UPI,7.0,4.0,2483.81538
10945,2025-11-20 00:00:00.000000,1015,Amit,Delhi,Electronics,North,1.0,2835.04,25.4,Cash on Delivery,11.0,4.0,2114.93984
10946,2025-11-21 00:00:00.000000,1199,Pooja,Delhi,Beauty,South,5.0,1800.31,24.96,Net Banking,5.0,1.0,6754.763119999999
10947,2025-11-22 00:00:00.000000,1101,Vishal,Kolkata,Clothing,West,1.0,4671.05,12.11,Debit Card,9.0,3.0,4105.385845
10948,2025-11-23 00:00:00.000000,1203,Priya,Mumbai,Beauty,South,4.0,4620.96,10.0,UPI,6.0,1.0,16635.456000000002
10949,2025-11-23 00:00:00.000000,1151,Priya,Ahmedabad,Home & Kitchen,East,2.0,2561.62,14.76,Net Banking,6.0,3.0,4367.049776
10950,2025-11-24 00:00:00.000000,1155,Anjali,Gurugram,Books,East,7.0,1706.63,17.18,Net Banking,11.0,3.0,9894.016762000001
10951,2025-11-25 00:00:00.000000,1116,Karan,Chennai,Sports,East,5.0,3711.95,7.15,Credit Card,4.0,1.0,17232.727875
10952,2025-11-25 00:00:00.000000,1007,Amit,Jaipur,Clothing,West,6.0,279.89,23.82,Debit Card,1.0,3.0,1279.321212
10953,2025-11-26 00:00:00.000000,1121,Anjali,Delhi,Home & Kitchen,Central,5.0,2426.37,14.745000000000001,UPI,5.0,4.0,10343.008717499999
10954,2025-11-27 00:00:00.000000,1091,Karan,Delhi,Books,South,4.0,1747.98,10.02,Credit Card,11.0,5.0,6291.329616
10955,2025-11-28 00:00:00.000000,1163,Pooja,Mumbai,Electronics,North,1.0,4610.63,3.2,Credit Card,9.0,5.0,4463.08984
10956,2025-11-28 00:00:00.000000,1089,Anjali,Jaipur,Clothing,West,4.0,158.81,7.17,Cash on Delivery,8.0,3.0,589.693292
10957,2025-11-29 00:00:00.000000,1135,Rahul,Jaipur,Beauty,West,2.0,2808.79,28.48,Net Banking,8.0,4.0,4017.693216
10958,2025-11-30 00:00:00.000000,1185,Pooja,Mumbai,Books,East,3.0,3729.25,9.15,UPI,5.0,1.0,10164.070875
10959,2025-12-01 00:00:00.000000,1059,Amit,Delhi,Sports,Central,3.0,2476.59,5.07,UPI,9.0,3.0,7053.080661000001
10960,2025-12-01 00:00:00.000000,1177,Amit,Ahmedabad,Electronics,East,1.0,518.47,13.82,UPI,3.0,2.0,446.817446
10961,2025-12-02 00:00:00.000000,1027,Karan,Pune,Electronics,East,2.0,4865.06,9.21,Credit Card,3.0,3.0,8833.975948
10962,2025-12-03 00:00:00.000000,1219,Anjali,Pune,Clothing,Central,2.0,2638.25,1.05,Cash on Delivery,1.0,3.0,5221.096750000001
10963,2025-12-03 00:00:00.000000,1100,Anjali,Mumbai,Beauty,North,1.0,3109.51,9.69,Debit Card,9.0,3.0,2808.1984810000004
10964,2025-12-04 00:00:00.000000,1040,Neha,Jaipur,Electronics,East,2.0,1259.39,16.32,Credit Card,6.0,4.0,2107.7151040000003
10965,2025-12-05 00:00:00.000000,1227,Amit,Gurugram,Books,East,4.0,2469.14,16.55,Debit Card,2.0,5.0,8241.98932
10966,2025-12-06 00:00:00.000000,1191,Sneha,Mumbai,Beauty,West,1.0,2202.83,10.7,Cash on Delivery,8.0,3.0,1967.12719
10967,2025-12-06 00:00:00.000000,1154,Pooja,Ahmedabad,Home & Kitchen,Central,4.0,466.99,13.42,Net Banking,9.0,5.0,1617.279768
10968,2025-12-07 00:00:00.000000,1245,Priya,Mumbai,Sports,South,2.0,620.19,28.97,UPI,9.0,3.0,881.041914
10969,2025-12-08 00:00:00.000000,1190,Amit,Bengaluru,Beauty,North,1.0,4203.62,11.32,Debit Card,2.0,4.0,3727.770216
10970,2025-12-09 00:00:00.000000,1144,Priya,Chennai,Sports,North,2.0,1275.12,7.75,Credit Card,2.0,4.0,2352.5964
10971,2025-12-09 00:00:00.000000,1200,Amit,Jaipur,Beauty,Central,1.0,1055.3,7.3,Debit Card,7.0,2.0,978.2631
10972,2025-12-10 00:00:00.000000,1160,Amit,Kolkata,Home & Kitchen,West,2.0,2574.07,13.73,Net Banking,11.0,5.0,4441.300378000001
10973,2025-12-11 00:00:00.000000,1244,Karan,Kolkata,Electronics,West,4.0,3866.86,22.79,UPI,4.0,4.0,11942.410424
10974,2025-12-12 00:00:00.000000,1211,Amit,Jaipur,Home & Kitchen,Central,7.0,403.54,6.18,Credit Card,1.0,5.0,2650.2085960000004
10975,2025-12-12 00:00:00.000000,1204,Neha,Ahmedabad,Electronics,West,4.0,2926.36,21.28,Net Banking,8.0,3.0,9214.522368
10976,2025-12-13 00:00:00.000000,1219,Sneha,Bengaluru,Electronics,North,2.0,684.13,0.63,Credit Card,2.0,5.0,1359.639962
10977,2025-12-14 00:00:00.000000,1239,Anjali,Bengaluru,Sports,North,1.0,278.66,12.57,Cash on Delivery,3.0,4.0,243.632438
10978,2025-12-14 00:00:00.000000,1156,Rohit,Delhi,Books,South,3.0,358.45,23.28,Credit Card,5.0,3.0,825.00852
10979,2025-12-15 00:00:00.000000,1140,Priya,Chennai,Home & Kitchen,Central,4.0,4187.4,10.16,UPI,3.0,3.0,15047.840639999999
10980,2025-12-16 00:00:00.000000,1045,Anjali,Pune,Beauty,East,4.0,678.07,14.745000000000001,Credit Card,7.0,3.0,2312.354314
10981,2025-12-17 00:00:00.000000,1034,Rohit,Hyderabad,Home & Kitchen,East,6.0,321.24,6.15,Credit Card,7.0,3.0,1808.90244
10982,2025-12-17 00:00:00.000000,1133,Sneha,Ahmedabad,Sports,South,3.0,2245.71,22.26,Credit Card,2.0,3.0,5237.444862
10983,2025-12-18 00:00:00.000000,1081,Sneha,Hyderabad,Electronics,South,2.0,4235.57,1.57,Credit Card,7.0,5.0,8338.143101999998
10984,2025-12-19 00:00:00.000000,1114,Priya,Hyderabad,Sports,East,7.0,1385.8,25.58,UPI,6.0,4.0,7219.18652
10985,2025-12-20 00:00:00.000000,1196,Priya,Pune,Clothing,South,1.0,2166.39,5.95,Net Banking,6.0,5.0,2037.489795
10986,2025-12-20 00:00:00.000000,1046,Sneha,Kolkata,Clothing,South,6.0,295.62,26.23,Debit Card,10.0,5.0,1308.473244
10987,2025-12-21 00:00:00.000000,1152,Rohit,Kolkata,Beauty,East,2.0,2300.48,10.58,Cash on Delivery,9.0,3.0,4114.178432
10988,2025-12-22 00:00:00.000000,1193,Amit,Pune,Sports,West,5.0,2930.3,21.68,Debit Card,9.0,5.0,11475.0548
10989,2025-12-22 00:00:00.000000,1009,Pooja,Jaipur,Beauty,South,7.0,2897.44,9.58,Debit Card,2.0,4.0,18339.056736000002
10990,2025-12-23 00:00:00.000000,1055,Rahul,Hyderabad,Beauty,South,4.0,1728.89,27.18,Cash on Delivery,7.0,5.0,5035.910792
10991,2025-12-24 00:00:00.000000,1029,Anjali,Gurugram,Clothing,West,5.0,1646.11,3.8,UPI,5.0,3.0,7917.789099999999
10992,2025-12-25 00:00:00.000000,1241,Karan,Kolkata,Beauty,Central,4.0,622.46,5.36,Cash on Delivery,6.0,3.0,2356.3845760000004
10993,2025-12-25 00:00:00.000000,1108,Anjali,Ahmedabad,Clothing,West,4.0,1897.31,14.79,UPI,1.0,3.0,6466.791404
10994,2025-12-26 00:00:00.000000,1004,Karan,Ahmedabad,Electronics,East,5.0,587.52,2.46,Debit Card,7.0,4.0,2865.33504
10995,2025-12-27 00:00:00.000000,1118,Rohit,Delhi,Sports,Central,7.0,3856.32,5.88,UPI,6.0,4.0,25406.978688000003
10996,2025-12-28 00:00:00.000000,1247,Karan,Mumbai,Beauty,North,5.0,4834.74,28.31,Net Banking,4.0,3.0,17330.12553
10997,2025-12-28 00:00:00.000000,1032,Priya,Gurugram,Clothing,West,2.0,4853.36,29.29,Cash on Delivery,6.0,3.0,6863.621712
10998,2025-12-29 00:00:00.000000,1117,Pooja,Kolkata,Home & Kitchen,East,6.0,4338.85,11.29,Net Banking,9.0,5.0,23093.963010000003
10999,2025-12-30 00:00:00.000000,1064,Pooja,Bengaluru,Beauty,Central,6.0,3043.88,27.7,Debit Card,4.0,4.0,13204.35144
11000,2025-12-31 00:00:00.000000,1145,Priya,Kolkata,Books,West,5.0,3534.24,16.34,Cash on Delivery,2.0,3.0,14783.725919999997
10779,2025-07-22 00:00:00.000000,1111,Karan,Jaipur,Sports,South,5.0,3088.08,14.77,Debit Card,5.0,1.0,13159.852920000001
10335,2024-09-01 00:00:00.000000,1095,Pooja,Pune,Clothing,West,3.0,1737.54,16.34,Credit Card,8.0,3.0,4360.8778919999995
10272,2024-07-17 00:00:00.000000,1051,Vishal,Pune,Home & Kitchen,North,5.0,2833.58,15.33,Cash on Delivery,11.0,3.0,11995.96093
10803,2025-08-09 00:00:00.000000,1116,Anjali,Hyderabad,Sports,North,7.0,1706.41,29.54,UPI,8.0,4.0,8416.355402000001
10217,2024-06-06 00:00:00.000000,1169,Priya,Gurugram,Electronics,West,7.0,1473.64,7.76,Credit Card,8.0,2.0,9514.998752000001
10409,2024-10-25 00:00:00.000000,1227,Anjali,Hyderabad,Sports,South,2.0,4464.23,19.39,Debit Card,9.0,4.0,7197.231605999999
10813,2025-08-16 00:00:00.000000,1150,Pooja,Jaipur,Electronics,East,2.0,2378.68,23.3,Net Banking,1.0,4.0,3648.8951199999997
10095,2024-03-09 00:00:00.000000,1220,Neha,Gurugram,Home & Kitchen,East,5.0,521.56,26.09,Debit Card,4.0,5.0,1927.4249799999998
10488,2024-12-21 00:00:00.000000,1024,Neha,Gurugram,Home & Kitchen,North,6.0,3938.6,9.47,Debit Card,5.0,4.0,21393.687479999997
10171,2024-05-04 00:00:00.000000,1034,Anjali,Kolkata,Clothing,East,2.0,2806.59,13.81,Debit Card,11.0,4.0,4837.999842
